"Location_ID","Organization_ID","Organization","Parent_Organization","Organization_Type","Region_Group","Country","State","City","Secondary_Location","Full_Location","Latitude","Longitude","Geo_Accuracy","Coordinate_Source","Sector","Ownership","Primary_Subfield","All_Subfields","GIS","Land_Survey","Hydrography","Remote_Sensing","Drone_UAV","Utility_Mapping","Licensed_Firm","Licence_No","Licence_Type","Licensed_Surveyor","Website","Public_Email","Public_Phone","Verification_Status","Source_Type","Source_URL","Source_Sheet","Source_Row","Source_Note","Data_Quality_Flag","Last_Updated"
"LOC-0001","ORG-0001","Department of Survey and Mapping Malaysia (JUPEM)","","Government Agency","Peninsular Malaysia","Malaysia","Kuala Lumpur","Kuala Lumpur","","Kuala Lumpur, Kuala Lumpur, Malaysia","","","Unavailable","Unavailable","Government","Government","GIS","GIS; Land Survey","1","1","0","0","0","0","Not Applicable","Not Applicable","Not Applicable","Not Applicable","https://jupem.gov.my","","","Verified","Government Website","https://jupem.gov.my","Malaysia","5","National mapping & cadastral survey authority.","Missing Coordinates; Missing Contact","2026-07-19"
"LOC-0002","ORG-0002","National Geospatial Centre","","Government Agency","Peninsular Malaysia","Malaysia","Putrajaya","Putrajaya","","Putrajaya, Putrajaya, Malaysia","","","Unavailable","Unavailable","Government","Government","GIS","GIS","1","0","0","0","0","0","Not Applicable","Not Applicable","Not Applicable","Not Applicable","","","","Verified","Government Website","","Malaysia","6","Federal geospatial data coordination agency.","Missing Coordinates; Missing Website; Missing Contact","2026-07-19"
"LOC-0003","ORG-0003","Pusat Hidrografi Nasional","","Government Agency","Peninsular Malaysia","Malaysia","Selangor","Port Klang","","Port Klang, Selangor, Malaysia","","","Unavailable","Unavailable","Government","Government","Hydrography","Hydrography","0","0","1","0","0","0","Not Applicable","Not Applicable","Not Applicable","Not Applicable","","","","Verified","Government Website","","Malaysia","7","National hydrographic centre.","Missing Coordinates; Missing Website; Missing Contact","2026-07-19"
"LOC-0004","ORG-0004","Esri Malaysia Sdn Bhd","","Company","Peninsular Malaysia","Malaysia","Selangor","Petaling Jaya","","Petaling Jaya, Selangor, Malaysia","","","Unavailable","Unavailable","Private","Private Company","GIS","GIS","1","0","0","0","0","0","Not Applicable","Not Applicable","Not Applicable","Not Applicable","","","","Verified","Secondary Source","","Malaysia","8","Exclusive ArcGIS distributor since 1985; Petronas SAG Award 2020 winner project.","Missing Coordinates; Missing Website; Missing Contact","2026-07-19"
"LOC-0005","ORG-0005","Aerodyne Geospatial Sdn Bhd","","Company","Peninsular Malaysia","Malaysia","Selangor","Cyberjaya","","Cyberjaya, Selangor, Malaysia","","","Unavailable","Unavailable","Private","Private Company","Remote Sensing","Remote Sensing; Drone/UAV; Utility Mapping","0","0","0","1","1","1","Not Applicable","Not Applicable","Not Applicable","Not Applicable","","","","Verified","Secondary Source","","Malaysia","9","Drone & geospatial data services for utilities/inspection.","Missing Coordinates; Missing Website; Missing Contact","2026-07-19"
"LOC-0006","ORG-0006","Terra Drone Technology Malaysia Sdn Bhd","","Company","Peninsular Malaysia","Malaysia","Negeri Sembilan","Nilai","","Nilai, Negeri Sembilan, Malaysia","","","Unavailable","Unavailable","Private","MNC","Drone/UAV","Drone/UAV; Utility Mapping","0","0","0","0","1","1","Not Applicable","Not Applicable","Not Applicable","Not Applicable","","","","Verified","Secondary Source","","Malaysia","10","Malaysia arm of Japan's Terra Drone group.","Missing Coordinates; Missing Website; Missing Contact","2026-07-19"
"LOC-0007","ORG-0007","Aonic","","Company","Peninsular Malaysia","Malaysia","Selangor","Subang Jaya","","Subang Jaya, Selangor, Malaysia","","","Unavailable","Unavailable","Private","Private Company","Drone/UAV","Drone/UAV; Utility Mapping","0","0","0","0","1","1","Not Applicable","Not Applicable","Not Applicable","Not Applicable","","","","Verified","Secondary Source","","Malaysia","11","Drone technology & utility inspection provider.","Missing Coordinates; Missing Website; Missing Contact","2026-07-19"
"LOC-0008","ORG-0008","OGEO Survey Sdn Bhd","","Company","Peninsular Malaysia","Malaysia","Kuala Lumpur","Kuala Lumpur","","Kuala Lumpur, Kuala Lumpur, Malaysia","","","Unavailable","Unavailable","Private","Private Company","Hydrography","Hydrography; Remote Sensing","0","0","1","1","0","0","Not Applicable","Not Applicable","Not Applicable","Not Applicable","","","","Verified","Secondary Source","","Malaysia","12","Hydrographic & remote sensing survey firm.","Missing Coordinates; Missing Website; Missing Contact","2026-07-19"
"LOC-0009","ORG-0009","Hydro Mappers Sdn Bhd","","Company","Peninsular Malaysia","Malaysia","Selangor","Klang","","Klang, Selangor, Malaysia","","","Unavailable","Unavailable","Private","Private Company","Land Survey","Land Survey; Hydrography","0","1","1","0","0","0","Unspecified","Unspecified","Not Applicable","Not Applicable","","","","Verified","Secondary Source","","Malaysia","13","Hydrographic & land survey firm.","Missing Coordinates; Missing Website; Missing Contact","2026-07-19"
"LOC-0010","ORG-0010","GIS Innovation Sdn Bhd","","Company","Peninsular Malaysia","Malaysia","Selangor","Petaling Jaya","","Petaling Jaya, Selangor, Malaysia","","","Unavailable","Unavailable","Private","Private Company","GIS","GIS","1","0","0","0","0","0","Not Applicable","Not Applicable","Not Applicable","Not Applicable","https://www.gis.com.my","","","Verified","Official Company Website","https://www.gis.com.my","Malaysia","14","Founded 2001 (Reg. 557976H); QGIS, FME/ETL, GIS training & app dev.","Missing Coordinates; Missing Contact","2026-07-19"
"LOC-0011","ORG-0011","NSC Globaltech Sdn Bhd","","Company","Peninsular Malaysia","Malaysia","Selangor","Shah Alam","","Shah Alam, Selangor, Malaysia","","","Unavailable","Unavailable","Private","Private Company","GIS","GIS","1","0","0","0","0","0","Not Applicable","Not Applicable","Not Applicable","Not Applicable","https://www.nscgroups.com","","","Verified","Official Company Website","https://www.nscgroups.com","Malaysia","15","ICT & GIS application specialist - Web GIS Mapping. Inc. 2009.","Missing Coordinates; Missing Contact","2026-07-19"
"LOC-0012","ORG-0012","Artanis Cloud Sdn Bhd","","Company","Peninsular Malaysia","Malaysia","Selangor","Shah Alam","Bukit Jelutong","Shah Alam, Selangor, Malaysia","","","Unavailable","Unavailable","Private","Private Company","GIS","GIS; Remote Sensing","1","0","0","1","0","0","Not Applicable","Not Applicable","Not Applicable","Not Applicable","https://www.artaniscloud.com","","","Verified","Official Company Website","https://www.artaniscloud.com","Malaysia","16","AI, cybersecurity, geospatial intelligence, cloud, GIS mapping, defense tech. Founded 2016.","Missing Coordinates; Missing Contact; Multiple Locations","2026-07-19"
"LOC-0013","ORG-0013","Tresdata Sdn Bhd","","Company","Peninsular Malaysia","Malaysia","Selangor","Petaling Jaya","Sunway Nexis","Petaling Jaya, Selangor, Malaysia","","","Unavailable","Unavailable","Private","Private Company","GIS","GIS; Hydrography; Remote Sensing","1","0","1","1","0","0","Not Applicable","Not Applicable","Not Applicable","Not Applicable","","hello@tresdata.com.my","","Verified","Secondary Source","","Malaysia","17","GIS/LiDAR/photogrammetry/analytics/BI consultancy. Inc. 2017; 4-star SCORE rating.","Missing Coordinates; Missing Website; Multiple Locations","2026-07-19"
"LOC-0014","ORG-0014","Strato Solutions Sdn Bhd","","Company","Peninsular Malaysia","Malaysia","Selangor","Petaling Jaya","Kota Damansara","Petaling Jaya, Selangor, Malaysia","","","Unavailable","Unavailable","Private","Private Company","GIS","GIS; Remote Sensing; Utility Mapping","1","0","0","1","0","1","Not Applicable","Not Applicable","Not Applicable","Not Applicable","https://www.stratosolutions.com.my","","","Verified","Official Company Website","https://www.stratosolutions.com.my","Malaysia","18","MSC status firm; GIS for TNB, Petronas, EPF, SIRIM, Sapura OMV, MINDEF. Est. 2013.","Missing Coordinates; Missing Contact; Multiple Locations","2026-07-19"
"LOC-0015","ORG-0015","Comcentric Solutions Sdn Bhd","","Company","Peninsular Malaysia","Malaysia","Selangor","Shah Alam","Puchong, Selangor","Shah Alam, Selangor, Malaysia","","","Unavailable","Unavailable","Private","Private Company","GIS","GIS; Utility Mapping","1","0","0","0","0","1","Not Applicable","Not Applicable","Not Applicable","Not Applicable","https://comcentric.com.my","","","Verified","Official Company Website","https://comcentric.com.my","Malaysia","19","ICT/GIS/GPS/ERP consultancy; TNB Low Voltage GIS Project, MOSAS. Inc. 2015.","Missing Coordinates; Missing Contact; Multiple Locations","2026-07-19"
"LOC-0016","ORG-0016","Inspilogix Sdn Bhd","","Company","Peninsular Malaysia","Malaysia","Putrajaya","Putrajaya","Bangi, Selangor","Putrajaya, Putrajaya, Malaysia","","","Unavailable","Unavailable","Private","Private Company","GIS","GIS; Remote Sensing","1","0","0","1","0","0","Not Applicable","Not Applicable","Not Applicable","Not Applicable","https://inspilogix.com","","","Verified","Official Company Website","https://inspilogix.com","Malaysia","20","System integrator; site surveying, satellite image processing, GIS data analysis.","Missing Coordinates; Missing Contact; Multiple Locations","2026-07-19"
"LOC-0017","ORG-0017","Ground Data Solutions R&D Sdn Bhd (GDS)","","Company","Peninsular Malaysia","Malaysia","Selangor","Petaling Jaya","","Petaling Jaya, Selangor, Malaysia","","","Unavailable","Unavailable","Private","Private Company","Multi-disciplinary Geomatics","GIS; Hydrography; Remote Sensing; Utility Mapping","1","0","1","1","0","1","Not Applicable","Not Applicable","Not Applicable","Not Applicable","https://www.grounddatasolutions.com","","","Verified","Official Company Website","https://www.grounddatasolutions.com","Malaysia","21","Airborne & terrestrial LiDAR provider, proprietary MATRIX system, 30+ yrs, 130+ projects.","Missing Coordinates; Missing Contact","2026-07-19"
"LOC-0018","ORG-0018","MNJ Teras Sdn Bhd","","Company","Peninsular Malaysia","Malaysia","Selangor","Petaling Jaya","","Petaling Jaya, Selangor, Malaysia","","","Unavailable","Unavailable","Private","Private Company","GIS","GIS","1","0","0","0","0","0","Not Applicable","Not Applicable","Not Applicable","Not Applicable","https://mnjteras.my","","","Verified","Official Company Website","https://mnjteras.my","Malaysia","22","GIS application development for Smart City government projects. Inc. 2014.","Missing Coordinates; Missing Contact","2026-07-19"
"LOC-0019","ORG-0019","Dynamic Intellect Sdn Bhd","","Company","Peninsular Malaysia","Malaysia","Kuala Lumpur","Kuala Lumpur","Bangi","Kuala Lumpur, Kuala Lumpur, Malaysia","","","Unavailable","Unavailable","Private","Private Company","GIS","GIS","1","0","0","0","0","0","Not Applicable","Not Applicable","Not Applicable","Not Applicable","","","","Verified","Secondary Source","","Malaysia","23","Geospatial & ICT solutions; wholly-owned Bumiputera company, est. 2008.","Missing Coordinates; Missing Website; Missing Contact; Multiple Locations","2026-07-19"
"LOC-0020","ORG-0020","ACiS Technology Sdn Bhd","","Company","Peninsular Malaysia","Malaysia","Melaka","Alor Gajah","Shah Alam, Selangor","Alor Gajah, Melaka, Malaysia","","","Unavailable","Unavailable","Private","Private Company","Unspecified","Unspecified","0","0","0","0","0","0","Not Applicable","Not Applicable","Not Applicable","Not Applicable","https://www.acistechnology.com","","","Partially Verified","Official Company Website","https://www.acistechnology.com","Malaysia","24","Engineering/maintenance for oil & gas, construction, utilities, telecom. Inc. 2008. No confirmed GIS service line - verify.","Missing Coordinates; Missing Contact; Multiple Locations; Service Line Unconfirmed","2026-07-19"
"LOC-0021","ORG-0021","Plisca (M) Sdn Bhd","","Company","Peninsular Malaysia","Malaysia","Selangor","Ampang","Ukay Perdana","Ampang, Selangor, Malaysia","","","Unavailable","Unavailable","Private","Private Company","GIS","GIS; Land Survey","1","1","0","0","0","0","Unspecified","Unspecified","Not Applicable","Not Applicable","https://plisca.com.my","","","Verified","Official Company Website","https://plisca.com.my","Malaysia","25","100% Bumiputera smart GIS-IT solutions provider since 2012; land survey equipment supply.","Missing Coordinates; Missing Contact; Multiple Locations","2026-07-19"
"LOC-0022","ORG-0022","Setia Geosolutions Sdn Bhd","","Company","Peninsular Malaysia","Malaysia","Kuala Lumpur","Kuala Lumpur","Wangsa Maju","Kuala Lumpur, Kuala Lumpur, Malaysia","","","Unavailable","Unavailable","Private","Private Company","Multi-disciplinary Geomatics","GIS; Land Survey; Hydrography; Remote Sensing","1","1","1","1","0","0","Unspecified","Unspecified","Not Applicable","Not Applicable","https://www.setiageosolutions.com","","","Verified","Official Company Website","https://www.setiageosolutions.com","Malaysia","26","50+ yrs, 1st Malaysian firm with ISO 9002 (LRQA), now ISO 9001:2015.","Missing Coordinates; Missing Contact; Multiple Locations","2026-07-19"
"LOC-0023","ORG-0023","Antaragrafik Systems Sdn Bhd","","Company","Peninsular Malaysia","Malaysia","Kuala Lumpur","Kuala Lumpur","Bangsar","Kuala Lumpur, Kuala Lumpur, Malaysia","","","Unavailable","Unavailable","Private","Private Company","GIS","GIS; Land Survey; Remote Sensing","1","1","0","1","0","0","Unspecified","Unspecified","Not Applicable","Not Applicable","https://www.antaragrafik.com","","","Verified","Official Company Website","https://www.antaragrafik.com","Malaysia","27","Bumiputera solution integrator since 1995; JUPEM tenders (UAVS, MyRTKnet, KUDS, DAMS).","Missing Coordinates; Missing Contact; Multiple Locations","2026-07-19"
"LOC-0024","ORG-0024","Map2u Sdn Bhd","","Company","Peninsular Malaysia","Malaysia","Negeri Sembilan","Nilai","","Nilai, Negeri Sembilan, Malaysia","","","Unavailable","Unavailable","Private","Private Company","GIS","GIS; Land Survey; Remote Sensing","1","1","0","1","0","0","Unspecified","Unspecified","Not Applicable","Not Applicable","https://www.map2u.com.my","","","Verified","Official Company Website","https://www.map2u.com.my","Malaysia","28","GIS/LiDAR/UAV/geoportal/Smart City projects (Malaysia Urban Observatory, MPB SmartMap).","Missing Coordinates; Missing Contact","2026-07-19"
"LOC-0025","ORG-0025","GeoInfo Services Sdn Bhd","","Company","Peninsular Malaysia","Malaysia","","","","Malaysia","","","Unavailable","Unavailable","Private","Private Company","GIS","GIS; Remote Sensing; Drone/UAV","1","0","0","1","1","0","Not Applicable","Not Applicable","Not Applicable","Not Applicable","https://geoinfo.com.my","","","Verified","Official Company Website","https://geoinfo.com.my","Malaysia","29","20+ yrs geospatial solutions; GNSS, commercial drones, Esri integration.","Missing Coordinates; Missing Contact","2026-07-19"
"LOC-0026","ORG-0026","MySpatial Sdn Bhd","","Company","Peninsular Malaysia","Malaysia","","","","Malaysia","","","Unavailable","Unavailable","Private","Private Company","Multi-disciplinary Geomatics","GIS; Hydrography; Remote Sensing; Drone/UAV","1","0","1","1","1","0","Not Applicable","Not Applicable","Not Applicable","Not Applicable","https://myspatial.com.my","","","Verified","Official Company Website","https://myspatial.com.my","Malaysia","30","Inc. 2009; MSC status (2014); UAV/LiDAR for palm oil industry.","Missing Coordinates; Missing Contact","2026-07-19"
"LOC-0027","ORG-0027","Spatialworks Sdn Bhd","","Company","Peninsular Malaysia","Malaysia","Putrajaya","Putrajaya","","Putrajaya, Putrajaya, Malaysia","","","Unavailable","Unavailable","Private","Private Company","GIS","GIS; Hydrography; Remote Sensing","1","0","1","1","0","0","Not Applicable","Not Applicable","Not Applicable","Not Applicable","https://spatialworks.com.my","","","Verified","Official Company Website","https://spatialworks.com.my","Malaysia","31","GIS & environmental consultancy, ~80 staff, founded c.2000-2003.","Missing Coordinates; Missing Contact","2026-07-19"
"LOC-0028","ORG-0028","Bandwork GPS Solutions Sdn Bhd","","Company","Peninsular Malaysia","Malaysia","Kuala Lumpur","Kuala Lumpur","JB, Kota Kinabalu","Kuala Lumpur, Kuala Lumpur, Malaysia","","","Unavailable","Unavailable","Private","Private Company","Multi-disciplinary Geomatics","Land Survey; Hydrography; Drone/UAV; Utility Mapping","0","1","1","0","1","1","Unspecified","Unspecified","Not Applicable","Not Applicable","https://bandwork.com.my","","","Verified","Official Company Website","https://bandwork.com.my","Malaysia","32","GNSS/GPS survey equipment vendor (Trimble, Leica, Ashtech); UAS LiDAR, GPR, hydrography systems.","Missing Coordinates; Missing Contact; Multiple Locations","2026-07-19"
"LOC-0029","ORG-0029","Spatialist Sdn Bhd","","Company","Peninsular Malaysia","Malaysia","","","","Malaysia","","","Unavailable","Unavailable","Private","Private Company","GIS","GIS; Land Survey; Remote Sensing","1","1","0","1","0","0","Unspecified","Unspecified","Not Applicable","Not Applicable","https://www.spatialist.com.my","","","Verified","Official Company Website","https://www.spatialist.com.my","Malaysia","33","Bumiputera company since Sept 2010; 3D laser scanning, GIS, remote sensing, mapping & survey.","Missing Coordinates; Missing Contact","2026-07-19"
"LOC-0030","ORG-0030","Astasoft Sdn Bhd","","Company","Peninsular Malaysia","Malaysia","","","","Malaysia","","","Unavailable","Unavailable","Private","Private Company","GIS","GIS; Land Survey","1","1","0","0","0","0","Unspecified","Unspecified","Not Applicable","Not Applicable","https://astasoft.com.my","","","Verified","Official Company Website","https://astasoft.com.my","Malaysia","34","Software solutions for mapping, surveying and GIS digitalisation.","Missing Coordinates; Missing Contact","2026-07-19"
"LOC-0031","ORG-0031","Integrated Geospatial and Survey Sdn Bhd (iGeoSurvey)","","Company","Peninsular Malaysia","Malaysia","","","","Malaysia","","","Unavailable","Unavailable","Private","Private Company","GIS","GIS; Drone/UAV","1","0","0","0","1","0","Not Applicable","Not Applicable","Not Applicable","Not Applicable","https://www.igeosurvey.com","","","Verified","Official Company Website","https://www.igeosurvey.com","Malaysia","35","GIS data acquisition/analysis, hardware supply; fixed-wing & multi-rotor UAV.","Missing Coordinates; Missing Contact","2026-07-19"
"LOC-0032","ORG-0032","RS&GIS","","Company","Peninsular Malaysia","Malaysia","","","","Malaysia","","","Unavailable","Unavailable","Private","Private Company","GIS","GIS; Remote Sensing","1","0","0","1","0","0","Not Applicable","Not Applicable","Not Applicable","Not Applicable","https://www.resgis.com.my","","","Verified","Official Company Website","https://www.resgis.com.my","Malaysia","36","Aerial survey systems, sensor integration & mapping services partner network; 100+ projects.","Missing Coordinates; Missing Contact","2026-07-19"
"LOC-0033","ORG-0033","NadiTek (Jaringan Nadi Teknologi Sdn Bhd)","","Company","Peninsular Malaysia","Malaysia","Kuala Lumpur","Kuala Lumpur","","Kuala Lumpur, Kuala Lumpur, Malaysia","","","Unavailable","Unavailable","Private","Private Company","GIS","GIS","1","0","0","0","0","0","Not Applicable","Not Applicable","Not Applicable","Not Applicable","","","","Verified","Secondary Source","","Malaysia","37","GIS solutions company established 2013; desktop/web/mobile GIS platforms.","Missing Coordinates; Missing Website; Missing Contact","2026-07-19"
"LOC-0034","ORG-0034","AECA Solutions Sdn Bhd","","Company","Peninsular Malaysia","Malaysia","","","","Malaysia","","","Unavailable","Unavailable","Private","Private Company","Remote Sensing","Remote Sensing; Drone/UAV","0","0","0","1","1","0","Not Applicable","Not Applicable","Not Applicable","Not Applicable","https://aeca-solutions.com","","","Verified","Official Company Website","https://aeca-solutions.com","Malaysia","38","Geospatial intelligence tech company; UAV precision agriculture & survey-grade aerial mapping; expanded to Singapore.","Missing Coordinates; Missing Contact","2026-07-19"
"LOC-0035","ORG-0035","CitySage AI","","Company","Peninsular Malaysia","Malaysia","","","","Malaysia","","","Unavailable","Unavailable","Private","Private Company","GIS","GIS","1","0","0","0","0","0","Not Applicable","Not Applicable","Not Applicable","Not Applicable","https://citysage.my","","","Verified","Official Company Website","https://citysage.my","Malaysia","39","AI-powered urban planning/GIS dashboards; won Top Winner at DEEP-X 2025 Malaysian smart city innovation event.","Missing Coordinates; Missing Contact","2026-07-19"
"LOC-0036","ORG-0036","SmartGIS Solutions","","Company","Peninsular Malaysia","Malaysia","","","","Malaysia","","","Unavailable","Unavailable","Private","Private Company","GIS","GIS; Remote Sensing","1","0","0","1","0","0","Not Applicable","Not Applicable","Not Applicable","Not Applicable","https://www.smartgissolutions.com","","","Verified","Official Company Website","https://www.smartgissolutions.com","Malaysia","40","Geospatial intelligence & GIS/remote-sensing training provider.","Missing Coordinates; Missing Contact","2026-07-19"
"LOC-0037","ORG-0037","IAC","","Unspecified","Peninsular Malaysia","Malaysia","","","","Unavailable","","","Unavailable","Unavailable","Unspecified","Unspecified","Unspecified","Unspecified","0","0","0","0","0","0","Not Applicable","Not Applicable","Not Applicable","Not Applicable","","","","Unresolved","User Supplied","","Malaysia","41","Could not confidently identify a matching Malaysia GIS/geospatial company under this name - too short/ambiguous.","Missing Coordinates; Missing Website; Missing Contact; Unresolved Organization","2026-07-19"
"LOC-0038","ORG-0038","I-MPV System","","Unspecified","Peninsular Malaysia","Malaysia","","","","Unavailable","","","Unavailable","Unavailable","Unspecified","Unspecified","Unspecified","Unspecified","0","0","0","0","0","0","Not Applicable","Not Applicable","Not Applicable","Not Applicable","","","","Unresolved","User Supplied","","Malaysia","42","No matching Malaysia GIS/geospatial/survey company could be confidently identified under this name.","Missing Coordinates; Missing Website; Missing Contact; Unresolved Organization","2026-07-19"
"LOC-0039","ORG-0039","Geoco / ""Geoco Geospatial""","","Unspecified","Peninsular Malaysia","Malaysia","","","","Unavailable","","","Unavailable","Unavailable","Unspecified","Unspecified","Unspecified","Unspecified","0","0","0","0","0","0","Not Applicable","Not Applicable","Not Applicable","Not Applicable","","","","Unresolved","User Supplied","","Malaysia","43","Supplied name could not be matched to any identifiable real Malaysia GIS/land-survey company despite dedicated searches.","Missing Coordinates; Missing Website; Missing Contact; Unresolved Organization","2026-07-19"
"LOC-0040","ORG-0040","AAM Geomatics (""Borneo Branch"")","","Unspecified","Peninsular Malaysia","Malaysia","","","","Unavailable","","","Unavailable","Unavailable","Unspecified","Unspecified","Unspecified","Unspecified","0","0","0","0","0","0","Not Applicable","Not Applicable","Not Applicable","Not Applicable","","","","Unresolved","User Supplied","","Malaysia","44","AAM (now AAM, a Woolpert Company) is a real Australian geospatial/LiDAR firm, but no public evidence of a Sabah/Sarawak ('Borneo') branch or presence was found - left unverified rather than assumed.","Missing Coordinates; Missing Website; Missing Contact; Unresolved Organization","2026-07-19"
"LOC-0041","ORG-0041","Neptune Hydrographic (""Sarawak"")","","Unspecified","Peninsular Malaysia","Malaysia","","","","Unavailable","","","Unavailable","Unavailable","Unspecified","Unspecified","Unspecified","Unspecified","0","0","0","0","0","0","Not Applicable","Not Applicable","Not Applicable","Not Applicable","","","","Unresolved","User Supplied","","Malaysia","45","No matching hydrographic/survey company under this name could be confidently identified in Sarawak/Miri/Bintulu despite dedicated searches.","Missing Coordinates; Missing Website; Missing Contact; Unresolved Organization","2026-07-19"
"LOC-0042","ORG-0042","Malaysian Space Agency (MYSA)","","Government Agency","Peninsular Malaysia","Malaysia","Kuala Lumpur","Kuala Lumpur","Banting","Kuala Lumpur, Kuala Lumpur, Malaysia","","","Unavailable","Unavailable","Government","Government","GIS","GIS; Remote Sensing","1","0","0","1","0","0","Not Applicable","Not Applicable","Not Applicable","Not Applicable","https://mysa.gov.my","","","Verified","Government Website","https://mysa.gov.my","Malaysia","46","National space and remote-sensing agency; GeoPortal supports agriculture, resources, environment, disaster and security.","Missing Coordinates; Missing Contact; Multiple Locations","2026-07-19"
"LOC-0043","ORG-0043","Department of Irrigation and Drainage Malaysia (DID / JPS)","","Government Agency","Peninsular Malaysia","Malaysia","Kuala Lumpur","Kuala Lumpur","","Kuala Lumpur, Kuala Lumpur, Malaysia","","","Unavailable","Unavailable","Government","Government","GIS","GIS; Hydrography","1","0","1","0","0","0","Not Applicable","Not Applicable","Not Applicable","Not Applicable","https://water.gov.my","","","Verified","Government Website","https://water.gov.my","Malaysia","47","Technical water-resources agency operating geospatial water systems and hydrographic/bathymetric work.","Missing Coordinates; Missing Contact","2026-07-19"
"LOC-0044","ORG-0044","Department of Mineral and Geoscience Malaysia (JMG)","","Government Agency","Peninsular Malaysia","Malaysia","Putrajaya","Putrajaya","","Putrajaya, Putrajaya, Malaysia","","","Unavailable","Unavailable","Government","Government","GIS","GIS; Remote Sensing","1","0","0","1","0","0","Not Applicable","Not Applicable","Not Applicable","Not Applicable","https://jmg.gov.my","","","Verified","Government Website","https://jmg.gov.my","Malaysia","48","National geology and geoscience agency using mapping, spatial databases and remote sensing.","Missing Coordinates; Missing Contact","2026-07-19"
"LOC-0045","ORG-0045","PLANMalaysia","","Government Agency","Peninsular Malaysia","Malaysia","Putrajaya","Putrajaya","","Putrajaya, Putrajaya, Malaysia","","","Unavailable","Unavailable","Government","Government","GIS","GIS","1","0","0","0","0","0","Not Applicable","Not Applicable","Not Applicable","Not Applicable","https://planmalaysia.gov.my","","","Verified","Government Website","https://planmalaysia.gov.my","Malaysia","49","Federal town and country planning department; spatial planning and geospatial planning systems.","Missing Coordinates; Missing Contact","2026-07-19"
"LOC-0046","ORG-0046","National Disaster Management Agency (NADMA)","","Government Agency","Peninsular Malaysia","Malaysia","Putrajaya","Putrajaya","","Putrajaya, Putrajaya, Malaysia","","","Unavailable","Unavailable","Government","Government","GIS","GIS; Remote Sensing","1","0","0","1","0","0","Not Applicable","Not Applicable","Not Applicable","Not Applicable","https://nadma.gov.my","","","Verified","Government Website","https://nadma.gov.my","Malaysia","50","Federal disaster agency using GIS and satellite-derived information for coordination and risk response.","Missing Coordinates; Missing Contact","2026-07-19"
"LOC-0047","ORG-0047","Department of Environment Malaysia (DOE / JAS)","","Government Agency","Peninsular Malaysia","Malaysia","Putrajaya","Putrajaya","","Putrajaya, Putrajaya, Malaysia","","","Unavailable","Unavailable","Government","Government","GIS","GIS; Remote Sensing","1","0","0","1","0","0","Not Applicable","Not Applicable","Not Applicable","Not Applicable","https://doe.gov.my","","","Verified","Government Website","https://doe.gov.my","Malaysia","51","Environmental monitoring and spatial information for pollution control and environmental management.","Missing Coordinates; Missing Contact","2026-07-19"
"LOC-0048","ORG-0048","Forestry Department Peninsular Malaysia","","Government Agency","Peninsular Malaysia","Malaysia","Kuala Lumpur","Kuala Lumpur","","Kuala Lumpur, Kuala Lumpur, Malaysia","","","Unavailable","Unavailable","Government","Government","GIS","GIS; Remote Sensing","1","0","0","1","0","0","Not Applicable","Not Applicable","Not Applicable","Not Applicable","https://forestry.gov.my","","","Verified","Government Website","https://forestry.gov.my","Malaysia","52","Forest-resource mapping, GIS and remote-sensing applications across Peninsular Malaysia.","Missing Coordinates; Missing Contact","2026-07-19"
"LOC-0049","ORG-0049","Department of Agriculture Malaysia (DOA)","","Government Agency","Peninsular Malaysia","Malaysia","Putrajaya","Putrajaya","","Putrajaya, Putrajaya, Malaysia","","","Unavailable","Unavailable","Government","Government","GIS","GIS; Remote Sensing; Drone/UAV","1","0","0","1","1","0","Not Applicable","Not Applicable","Not Applicable","Not Applicable","https://doa.gov.my","","","Verified","Government Website","https://doa.gov.my","Malaysia","53","Agricultural mapping and crop monitoring using GIS, satellite imagery and UAV data.","Missing Coordinates; Missing Contact","2026-07-19"
"LOC-0050","ORG-0050","Malaysian Meteorological Department (METMalaysia)","","Government Agency","Peninsular Malaysia","Malaysia","Selangor","Petaling Jaya","","Petaling Jaya, Selangor, Malaysia","","","Unavailable","Unavailable","Government","Government","GIS","GIS; Remote Sensing","1","0","0","1","0","0","Not Applicable","Not Applicable","Not Applicable","Not Applicable","https://met.gov.my","","","Verified","Government Website","https://met.gov.my","Malaysia","54","Weather radar, satellite imagery and geospatial weather/climate information services.","Missing Coordinates; Missing Contact","2026-07-19"
"LOC-0051","ORG-0051","National Water Research Institute of Malaysia (NAHRIM)","","Government Agency","Peninsular Malaysia","Malaysia","Selangor","Seri Kembangan","","Seri Kembangan, Selangor, Malaysia","","","Unavailable","Unavailable","Government","Government","GIS","GIS; Hydrography; Remote Sensing","1","0","1","1","0","0","Not Applicable","Not Applicable","Not Applicable","Not Applicable","https://nahrim.gov.my","","","Verified","Government Website","https://nahrim.gov.my","Malaysia","55","Water and hydraulic research applying GIS, remote sensing and coastal/river modelling.","Missing Coordinates; Missing Contact","2026-07-19"
"LOC-0052","ORG-0052","Malaysian Palm Oil Board (MPOB)","","Statutory Body","Peninsular Malaysia","Malaysia","Selangor","Kajang","","Kajang, Selangor, Malaysia","","","Unavailable","Unavailable","Government","Statutory Body","GIS","GIS; Remote Sensing; Drone/UAV","1","0","0","1","1","0","Not Applicable","Not Applicable","Not Applicable","Not Applicable","https://mpob.gov.my","","","Verified","Government Website","https://mpob.gov.my","Malaysia","56","Palm-oil research and monitoring using satellite, GIS and UAV-based spatial analysis.","Missing Coordinates; Missing Contact","2026-07-19"
"LOC-0053","ORG-0053","Land Surveyors Board Malaysia (LJT)","","Statutory Body","Peninsular Malaysia","Malaysia","Kuala Lumpur","Kuala Lumpur","","Kuala Lumpur, Kuala Lumpur, Malaysia","","","Unavailable","Unavailable","Government","Statutory Body","Land Survey","Land Survey","0","1","0","0","0","0","Not Applicable","Not Applicable","Not Applicable","Not Applicable","https://ljt.org.my","","","Verified","Government Website","https://ljt.org.my","Malaysia","57","Statutory board regulating licensed land surveyors and registered surveying practices.","Missing Coordinates; Missing Contact","2026-07-19"
"LOC-0054","ORG-0054","Sky-Shine Corporation (M) Sdn Bhd","","Company","Peninsular Malaysia","Malaysia","Kuala Lumpur","Kuala Lumpur","","Kuala Lumpur, Kuala Lumpur, Malaysia","","","Unavailable","Unavailable","Private","Private Company","GIS","GIS; Land Survey; Remote Sensing","1","1","0","1","0","0","Unspecified","Unspecified","Not Applicable","Not Applicable","https://skyshine.com.my","","","Verified","Official Company Website","https://skyshine.com.my","Malaysia","58","GIS/RS, digital mapping, data acquisition, surveying systems and geospatial data services.","Missing Coordinates; Missing Contact","2026-07-19"
"LOC-0055","ORG-0055","GPS Lands (M) Sdn Bhd","","Company","Peninsular Malaysia","Malaysia","Selangor","Subang Jaya","Johor Bahru","Subang Jaya, Selangor, Malaysia","","","Unavailable","Unavailable","Private","Private Company","Multi-disciplinary Geomatics","GIS; Land Survey; Remote Sensing; Drone/UAV; Utility Mapping","1","1","0","1","1","1","Unspecified","Unspecified","Not Applicable","Not Applicable","https://gpslands.com.my","","+603-5192 0588","Verified","Official Company Website","https://gpslands.com.my/contact-us/","Organization_Evidence","EVD-0053","Official headquarters in Putra Heights and a Johor Bahru branch; supplies GNSS, drones, LiDAR, GIS/mapping software and utility-locating solutions.","Missing Coordinates; Multiple Locations",""
"LOC-0056","ORG-0056","JL Global Invision Sdn Bhd","","Company","Peninsular Malaysia","Malaysia","Johor","Johor Bahru","","Johor Bahru, Johor, Malaysia","","","Unavailable","Unavailable","Private","Private Company","GIS","GIS; Land Survey; Utility Mapping","1","1","0","0","0","1","Unspecified","Unspecified","Not Applicable","Not Applicable","https://jlglobal.com.my","","","Verified","Official Company Website","https://jlglobal.com.my","Malaysia","60","Underground utility detection, gyroscopic surveying and GIS-based mapping.","Missing Coordinates; Missing Contact","2026-07-19"
"LOC-0057","ORG-0057","Geomapping Technology Sdn Bhd","","Company","Peninsular Malaysia","Malaysia","Selangor","Bandar Baru Bangi","","Bandar Baru Bangi, Selangor, Malaysia","","","Unavailable","Unavailable","Private","Private Company","GIS","GIS; Remote Sensing; Drone/UAV","1","0","0","1","1","0","Not Applicable","Not Applicable","Not Applicable","Not Applicable","https://gmtgeos.com","","","Verified","Official Company Website","https://gmtgeos.com","Malaysia","61","Geoscience mapping consultancy using GNSS, drone data and GIS processing.","Missing Coordinates; Missing Contact","2026-07-19"
"LOC-0058","ORG-0058","Layersoft Solution (M) Sdn Bhd","","Company","Peninsular Malaysia","Malaysia","","","","Malaysia","","","Unavailable","Unavailable","Private","Private Company","GIS","GIS; Remote Sensing; Drone/UAV","1","0","0","1","1","0","Not Applicable","Not Applicable","Not Applicable","Not Applicable","https://layersoftsolution.com.my","","","Verified","Official Company Website","https://layersoftsolution.com.my","Malaysia","62","Survey, field collection, digitising, web mapping, aerial-photo and 3D-mapping services.","Missing Coordinates; Missing Contact","2026-07-19"
"LOC-0059","ORG-0059","Ezam & Associates","","Company","Peninsular Malaysia","Malaysia","Johor","Johor Bahru","","Johor Bahru, Johor, Malaysia","","","Unavailable","Unavailable","Private","Private Company","Land Survey","Land Survey; Hydrography; Utility Mapping","0","1","1","0","0","1","Unspecified","Unspecified","Not Applicable","Not Applicable","https://ezamassociates.onesync.my","","","Verified","Official Company Website","https://ezamassociates.onesync.my","Malaysia","63","Engineering, cadastral and hydrographic surveying plus underground-utility detection.","Missing Coordinates; Missing Contact","2026-07-19"
"LOC-0060","ORG-0060","GeoHydroOcean Services","","Company","Peninsular Malaysia","Malaysia","","","","Malaysia","","","Unavailable","Unavailable","Private","Private Company","Hydrography","Hydrography","0","0","1","0","0","0","Not Applicable","Not Applicable","Not Applicable","Not Applicable","https://geohydrocean.com","","","Verified","Official Company Website","https://geohydrocean.com","Malaysia","64","Hydrographic technology and marine-mapping support, including multibeam systems.","Missing Coordinates; Missing Contact","2026-07-19"
"LOC-0061","ORG-0061","TAC Mapping Sdn Bhd","","Company","Peninsular Malaysia","Malaysia","Selangor","Shah Alam","","Shah Alam, Selangor, Malaysia","","","Unavailable","Unavailable","Private","Private Company","GIS","GIS; Land Survey; Remote Sensing","1","1","0","1","0","0","Unspecified","Unspecified","Not Applicable","Not Applicable","https://tacmapping.com.my","","","Verified","Official Company Website","https://tacmapping.com.my","Malaysia","65","Airborne LiDAR, aerial/ground survey, GPS survey, GIS databases and coastal mapping.","Missing Coordinates; Missing Contact","2026-07-19"
"LOC-0062","ORG-0062","Integrated GeoPlanning Sdn Bhd","","Company","Peninsular Malaysia","Malaysia","Selangor","Selangor","","Selangor, Selangor, Malaysia","","","Unavailable","Unavailable","Private","Private Company","GIS","GIS; Remote Sensing; Drone/UAV","1","0","0","1","1","0","Not Applicable","Not Applicable","Not Applicable","Not Applicable","https://geoplanning.com.my","","","Verified","Official Company Website","https://geoplanning.com.my","Malaysia","66","UAV orthophotos, contours, land-use mapping, aerial mapping and planning support.","Missing Coordinates; Missing Contact","2026-07-19"
"LOC-0063","ORG-0063","THS Geoscience Sdn Bhd","","Company","Peninsular Malaysia","Malaysia","Selangor","Kajang","","Kajang, Selangor, Malaysia","","","Unavailable","Unavailable","Private","Private Company","GIS","GIS; Hydrography","1","0","1","0","0","0","Not Applicable","Not Applicable","Not Applicable","Not Applicable","https://thsgeoscience.com","","","Verified","Official Company Website","https://thsgeoscience.com","Malaysia","67","Hydrographic solutions firm and authorised QPS representative for Qinsy, Qimera and Fledermaus.","Missing Coordinates; Missing Contact","2026-07-19"
"LOC-0064","ORG-0064","Satlid Solution","","Company","Peninsular Malaysia","Malaysia","Selangor","Cyberjaya","","Cyberjaya, Selangor, Malaysia","","","Unavailable","Unavailable","Private","Private Company","GIS","GIS; Land Survey; Remote Sensing","1","1","0","1","0","0","Unspecified","Unspecified","Not Applicable","Not Applicable","https://satlid.com.my","","","Verified","Official Company Website","https://satlid.com.my","Malaysia","68","LiDAR, GIS, land-survey and geomatics data/solution provider.","Missing Coordinates; Missing Contact","2026-07-19"
"LOC-0065","ORG-0065","RedPlanet Solutions","","Company","Peninsular Malaysia","Malaysia","","","","Malaysia","","","Unavailable","Unavailable","Private","Private Company","GIS","GIS; Remote Sensing; Drone/UAV","1","0","0","1","1","0","Not Applicable","Not Applicable","Not Applicable","Not Applicable","https://redplanet-solutions.com","","","Verified","Official Company Website","https://redplanet-solutions.com","Malaysia","69","Drone surveying, LiDAR, thermal imaging, orthomosaics, 3D models and GIS deliverables.","Missing Coordinates; Missing Contact","2026-07-19"
"LOC-0066","ORG-0066","Geotechnica Sdn Bhd","","Company","Peninsular Malaysia","Malaysia","","","","Malaysia","","","Unavailable","Unavailable","Private","Private Company","Multi-disciplinary Geomatics","GIS; Land Survey; Remote Sensing; Drone/UAV","1","1","0","1","1","0","Unspecified","Unspecified","Not Applicable","Not Applicable","https://geotechnica.com.my","","","Verified","Official Company Website","https://geotechnica.com.my","Malaysia","70","LiDAR drone surveys, aerial photogrammetry and 3D terrain modelling.","Missing Coordinates; Missing Contact","2026-07-19"
"LOC-0067","ORG-0067","Jurukur Asia","","Licensed Survey Firm","Sabah","Malaysia","Sabah","Sandakan","","Sandakan, Sabah, Malaysia","","","Unavailable","Unavailable","Private","Unspecified","Land Survey","Land Survey","0","1","0","0","0","0","Yes","1/2026","Full","Sheak Kam Ti","","jurukurasia@gmail.com","089-272307 / 013-8868789","Verified","Official Government Register","https://web.ljs.com.my/licensed-surveyors","Sabah","5","Official Sabah Surveyors Board Licensed Surveyors 2026 register.","Missing Coordinates; Missing Website","2026-07-19"
"LOC-0068","ORG-0068","Jurukur Bakat","","Licensed Survey Firm","Sabah","Malaysia","Sabah","Kota Kinabalu","","Kota Kinabalu, Sabah, Malaysia","","","Unavailable","Unavailable","Private","Unspecified","Land Survey","Land Survey","0","1","0","0","0","0","Yes","2/2026","Full","Chua Kok Hwa","","jurukurbakat@yahoo.com","088-234052/3","Verified","Official Government Register","https://web.ljs.com.my/licensed-surveyors","Sabah","6","Official Sabah Surveyors Board Licensed Surveyors 2026 register.","Missing Coordinates; Missing Website","2026-07-19"
"LOC-0069","ORG-0069","Jurukur TN Wong Sdn Bhd","","Licensed Survey Firm","Sabah","Malaysia","Sabah","Penampang","","Penampang, Sabah, Malaysia","","","Unavailable","Unavailable","Private","Unspecified","Land Survey","Land Survey","0","1","0","0","0","0","Yes","3/2026","Full","Wong Thien Nyen","","thiennyenwong@gmail.com","088-702167","Verified","Official Government Register","https://web.ljs.com.my/licensed-surveyors","Sabah","7","Official Sabah Surveyors Board Licensed Surveyors 2026 register.","Missing Coordinates; Missing Website","2026-07-19"
"LOC-0070","ORG-0070","Juruukur Anugerah","","Licensed Survey Firm","Sabah","Malaysia","Sabah","Tawau","","Tawau, Sabah, Malaysia","","","Unavailable","Unavailable","Private","Unspecified","Land Survey","Land Survey","0","1","0","0","0","0","Yes","4/2026","Full","Datuk Hj. Osman Bin Hj. Jamal","","juruukuranugerah@yahoo.com / gmail.com","089-916608 / 019-8699998","Verified","Official Government Register","https://web.ljs.com.my/licensed-surveyors","Sabah","8","Official Sabah Surveyors Board Licensed Surveyors 2026 register.","Missing Coordinates; Missing Website","2026-07-19"
"LOC-0071","ORG-0071","Jurukur Vitus Tan & Associates","","Licensed Survey Firm","Sabah","Malaysia","Sabah","Kota Kinabalu","","Kota Kinabalu, Sabah, Malaysia","","","Unavailable","Unavailable","Private","Unspecified","Land Survey","Land Survey","0","1","0","0","0","0","Yes","5/2026","Full","Vitus Tan","","jurukurvitustan@gmail.com","088-717718/9","Verified","Official Government Register","https://web.ljs.com.my/licensed-surveyors","Sabah","9","Official Sabah Surveyors Board Licensed Surveyors 2026 register.","Missing Coordinates; Missing Website","2026-07-19"
"LOC-0072","ORG-0072","Jurukur Tempatan Sdn Bhd","","Licensed Survey Firm","Sabah","Malaysia","Sabah","Kota Kinabalu","","Kota Kinabalu, Sabah, Malaysia","","","Unavailable","Unavailable","Private","Unspecified","Land Survey","Land Survey","0","1","0","0","0","0","Yes","6/2026 & 10/2025","Full","Chong Tong Yee; Hj. Mohammad Nizam Bin Hj. Rahmat","","chongty@jtsb.net / nizam@jtsb.net","088-264888 / 019-8806163","Verified","Official Government Register","https://web.ljs.com.my/licensed-surveyors","Sabah","10","Official Sabah Surveyors Board Licensed Surveyors 2026 register.","Missing Coordinates; Missing Website","2026-07-19"
"LOC-0073","ORG-0073","Jurukur AC. Linggian","","Licensed Survey Firm","Sabah","Malaysia","Sabah","Kota Kinabalu","","Kota Kinabalu, Sabah, Malaysia","","","Unavailable","Unavailable","Private","Unspecified","Land Survey","Land Survey","0","1","0","0","0","0","Yes","7/2026","Full","Datuk Anthony Linggian @ Chong Yuk Ken","","aclinggian@gmail.com","012-8330666","Verified","Official Government Register","https://web.ljs.com.my/licensed-surveyors","Sabah","11","Official Sabah Surveyors Board Licensed Surveyors 2026 register.","Missing Coordinates; Missing Website","2026-07-19"
"LOC-0074","ORG-0074","Mojigoh Surveying Consultants Sdn Bhd","","Licensed Survey Firm","Sabah","Malaysia","Sabah","Penampang","","Penampang, Sabah, Malaysia","","","Unavailable","Unavailable","Private","Unspecified","Land Survey","Land Survey","0","1","0","0","0","0","Yes","8/2026","Full","Datuk Dr. Marcus M. Mojigoh","","mojigohsc@gmx.com / mojigohsc@gmail.com","088-760888 / 019-8302777","Verified","Official Government Register","https://web.ljs.com.my/licensed-surveyors","Sabah","12","Official Sabah Surveyors Board Licensed Surveyors 2026 register.","Missing Coordinates; Missing Website","2026-07-19"
"LOC-0075","ORG-0075","Jurukur Dhiya Suria","","Licensed Survey Firm","Sabah","Malaysia","Sabah","Kota Kinabalu","","Kota Kinabalu, Sabah, Malaysia","","","Unavailable","Unavailable","Private","Unspecified","Land Survey","Land Survey","0","1","0","0","0","0","Yes","9/2026","Full","Datuk Hj. Dahlan Bin Hj. A.H. Tengah","","jsuria2010@gmail.com","088-717778 / 019-8614020","Verified","Official Government Register","https://web.ljs.com.my/licensed-surveyors","Sabah","13","Official Sabah Surveyors Board Licensed Surveyors 2026 register.","Missing Coordinates; Missing Website","2026-07-19"
"LOC-0076","ORG-0076","Juruukur Wahdah","","Licensed Survey Firm","Sabah","Malaysia","Sabah","Kota Kinabalu","","Kota Kinabalu, Sabah, Malaysia","","","Unavailable","Unavailable","Private","Unspecified","Land Survey","Land Survey","0","1","0","0","0","0","Yes","11/2026 & 17/2026","Full","Hj. Sirajudin Bin Hj. Ahmad; Hj. Abu Husin Bin Hj. Jantan","","jwahdah2011@gmail.com","088-436512","Verified","Official Government Register","https://web.ljs.com.my/licensed-surveyors","Sabah","14","Official Sabah Surveyors Board Licensed Surveyors 2026 register.","Missing Coordinates; Missing Website","2026-07-19"
"LOC-0077","ORG-0077","Jurukur Sinaran","","Licensed Survey Firm","Sabah","Malaysia","Sabah","Kota Kinabalu","","Kota Kinabalu, Sabah, Malaysia","","","Unavailable","Unavailable","Private","Unspecified","Land Survey","Land Survey","0","1","0","0","0","0","Yes","12/2026","Full","Fung Ah Sing","","jurukursinaran@gmail.com","088-254635 / 012-8380116","Verified","Official Government Register","https://web.ljs.com.my/licensed-surveyors","Sabah","15","Official Sabah Surveyors Board Licensed Surveyors 2026 register.","Missing Coordinates; Missing Website","2026-07-19"
"LOC-0078","ORG-0078","Jurukur Hermis & Rakan Rakan","","Licensed Survey Firm","Sabah","Malaysia","Sabah","Kota Kinabalu","","Kota Kinabalu, Sabah, Malaysia","","","Unavailable","Unavailable","Private","Unspecified","Land Survey","Land Survey","0","1","0","0","0","0","Yes","13/2026","Full","Hermis Mogindol","","hpmogindol@gmail.com","088-721932 / 013-8573428","Verified","Official Government Register","https://web.ljs.com.my/licensed-surveyors","Sabah","16","Official Sabah Surveyors Board Licensed Surveyors 2026 register.","Missing Coordinates; Missing Website","2026-07-19"
"LOC-0079","ORG-0079","Juruukur Robert Cheng & Associates","","Licensed Survey Firm","Sabah","Malaysia","Sabah","Kota Kinabalu","","Kota Kinabalu, Sabah, Malaysia","","","Unavailable","Unavailable","Private","Unspecified","Land Survey","Land Survey","0","1","0","0","0","0","Yes","14/2026","Full","Robert Cheng Chung Piao","","robert@jrcsurvey.com","088-396516 / 019-8508097","Verified","Official Government Register","https://web.ljs.com.my/licensed-surveyors","Sabah","17","Official Sabah Surveyors Board Licensed Surveyors 2026 register.","Missing Coordinates; Missing Website","2026-07-19"
"LOC-0080","ORG-0080","Smart Survey Consultant","","Licensed Survey Firm","Sabah","Malaysia","Sabah","Kota Kinabalu","","Kota Kinabalu, Sabah, Malaysia","","","Unavailable","Unavailable","Private","Unspecified","Land Survey","Land Survey","0","1","0","0","0","0","Yes","15/2026","Full","Dato' Dr. Hj Md Said @ Mohd. Zaid Bin Abdullah","","smartsvy@gmail.com","088-485414 / 016-8319009","Verified","Official Government Register","https://web.ljs.com.my/licensed-surveyors","Sabah","18","Official Sabah Surveyors Board Licensed Surveyors 2026 register.","Missing Coordinates; Missing Website","2026-07-19"
"LOC-0081","ORG-0081","Jurukur Antarabangsa","","Licensed Survey Firm","Sabah","Malaysia","Sabah","Kota Kinabalu","","Kota Kinabalu, Sabah, Malaysia","","","Unavailable","Unavailable","Private","Unspecified","Land Survey","Land Survey","0","1","0","0","0","0","Yes","16/2026","Full","Alexander Chong Kiam Pin","","jurukurantarabangsa@gmail.com","088-259872 / 019-8515180","Verified","Official Government Register","https://web.ljs.com.my/licensed-surveyors","Sabah","19","Official Sabah Surveyors Board Licensed Surveyors 2026 register.","Missing Coordinates; Missing Website","2026-07-19"
"LOC-0082","ORG-0082","Jurukur Sii Sdn Bhd","","Licensed Survey Firm","Sabah","Malaysia","Sabah","Kota Kinabalu","","Kota Kinabalu, Sabah, Malaysia","","","Unavailable","Unavailable","Private","Unspecified","Land Survey","Land Survey","0","1","0","0","0","0","Yes","18/2026","Full","Sii Tuong Hung","","jurukursii@yahoo.com","088-432396 / 019-8212998","Verified","Official Government Register","https://web.ljs.com.my/licensed-surveyors","Sabah","20","Official Sabah Surveyors Board Licensed Surveyors 2026 register.","Missing Coordinates; Missing Website","2026-07-19"
"LOC-0083","ORG-0083","Jurukur Dr. Moinin & Associates","","Licensed Survey Firm","Sabah","Malaysia","Sabah","Penampang","","Penampang, Sabah, Malaysia","","","Unavailable","Unavailable","Private","Unspecified","Land Survey","Land Survey","0","1","0","0","0","0","Yes","19/2026","Full","Dr. William Belton Moinin","","wbmoinin@gmail.com","088-733988 / 019-8522871","Verified","Official Government Register","https://web.ljs.com.my/licensed-surveyors","Sabah","21","Official Sabah Surveyors Board Licensed Surveyors 2026 register.","Missing Coordinates; Missing Website","2026-07-19"
"LOC-0084","ORG-0084","Jurukur Lee Surveys and Associate","","Licensed Survey Firm","Sabah","Malaysia","Sabah","Kota Kinabalu","","Kota Kinabalu, Sabah, Malaysia","","","Unavailable","Unavailable","Private","Unspecified","Land Survey","Land Survey","0","1","0","0","0","0","Yes","20/2026","Full","Lee Vui Heng","","vhenglee@gmail.com","088-423680 / 019-8105518","Verified","Official Government Register","https://web.ljs.com.my/licensed-surveyors","Sabah","22","Official Sabah Surveyors Board Licensed Surveyors 2026 register.","Missing Coordinates; Missing Website","2026-07-19"
"LOC-0085","ORG-0085","Platinum Survey Consultant","","Licensed Survey Firm","Sabah","Malaysia","Sabah","Kota Kinabalu","","Kota Kinabalu, Sabah, Malaysia","","","Unavailable","Unavailable","Private","Unspecified","Land Survey","Land Survey","0","1","0","0","0","0","Yes","21/2026","Full","Datuk Dr. Abdul Kadir Bin Taib","","platinumsckk@gmail.com / drkadirtaib@gmail.com","088-217788 / 012-2964296","Verified","Official Government Register","https://web.ljs.com.my/licensed-surveyors","Sabah","23","Official Sabah Surveyors Board Licensed Surveyors 2026 register.","Missing Coordinates; Missing Website","2026-07-19"
"LOC-0086","ORG-0086","Perunding Ukur Zakaria","","Licensed Survey Firm","Sabah","Malaysia","Sabah","Kota Kinabalu","","Kota Kinabalu, Sabah, Malaysia","","","Unavailable","Unavailable","Private","Unspecified","Land Survey","Land Survey","0","1","0","0","0","0","Yes","22/2026","Full","Zakaria Bin Saat","","puzsabah@gmail.com","088-722986 / 019-8613833","Verified","Official Government Register","https://web.ljs.com.my/licensed-surveyors","Sabah","24","Official Sabah Surveyors Board Licensed Surveyors 2026 register.","Missing Coordinates; Missing Website","2026-07-19"
"LOC-0087","ORG-0087","Jurukur Luaran & Associates","","Licensed Survey Firm","Sabah","Malaysia","Sabah","Kota Kinabalu","","Kota Kinabalu, Sabah, Malaysia","","","Unavailable","Unavailable","Private","Unspecified","Land Survey","Land Survey","0","1","0","0","0","0","Yes","23/2026","Full","Nosius Luaran","","nosius@yahoo.com / jurukurluaran@gmail.com","088-248559 / 016-8275000","Verified","Official Government Register","https://web.ljs.com.my/licensed-surveyors","Sabah","25","Official Sabah Surveyors Board Licensed Surveyors 2026 register.","Missing Coordinates; Missing Website","2026-07-19"
"LOC-0088","ORG-0088","Jurukur Professional","","Licensed Survey Firm","Sabah","Malaysia","Sabah","Kota Kinabalu","","Kota Kinabalu, Sabah, Malaysia","","","Unavailable","Unavailable","Private","Unspecified","Land Survey","Land Survey","0","1","0","0","0","0","Yes","24/2026","Full","Simon Chung Chee Kong","","jurukurprofessional@gmail.com","088-211193 / 016-8333278","Verified","Official Government Register","https://web.ljs.com.my/licensed-surveyors","Sabah","26","Official Sabah Surveyors Board Licensed Surveyors 2026 register.","Missing Coordinates; Missing Website","2026-07-19"
"LOC-0089","ORG-0089","Jurukur MYA","","Licensed Survey Firm","Sabah","Malaysia","Sabah","Kota Kinabalu","","Kota Kinabalu, Sabah, Malaysia","","","Unavailable","Unavailable","Private","Unspecified","Land Survey","Land Survey","0","1","0","0","0","0","Yes","25/2026","Full","Datuk Mohd. Yusrie Abdullah @ Yantis Goduan","","yusrie63@gmail.com","013-8866191","Verified","Official Government Register","https://web.ljs.com.my/licensed-surveyors","Sabah","27","Official Sabah Surveyors Board Licensed Surveyors 2026 register.","Missing Coordinates; Missing Website","2026-07-19"
"LOC-0090","ORG-0090","Jurukur Terrafirma PLT","","Licensed Survey Firm","Sabah","Malaysia","Sabah","Kota Kinabalu","","Kota Kinabalu, Sabah, Malaysia","","","Unavailable","Unavailable","Private","Unspecified","Land Survey","Land Survey","0","1","0","0","0","0","Yes","26/2026","Full","Tseu Chen Chee","","jurukur.terrafirma@gmail.com","088-230922 / 019-8822289","Verified","Official Government Register","https://web.ljs.com.my/licensed-surveyors","Sabah","28","Official Sabah Surveyors Board Licensed Surveyors 2026 register.","Missing Coordinates; Missing Website","2026-07-19"
"LOC-0091","ORG-0091","Perunding Ukur Sabah","","Licensed Survey Firm","Sabah","Malaysia","Sabah","Kota Kinabalu","","Kota Kinabalu, Sabah, Malaysia","","","Unavailable","Unavailable","Private","Unspecified","Land Survey","Land Survey","0","1","0","0","0","0","Yes","27/2026","Full","Peter Stanley Mopilin","","perundingukursabah@gmail.com","088-714118 / 016-3380170","Verified","Official Government Register","https://web.ljs.com.my/licensed-surveyors","Sabah","29","Official Sabah Surveyors Board Licensed Surveyors 2026 register.","Missing Coordinates; Missing Website","2026-07-19"
"LOC-0092","ORG-0092","Jurukur Loudin & Associates","","Licensed Survey Firm","Sabah","Malaysia","Sabah","Penampang","","Penampang, Sabah, Malaysia","","","Unavailable","Unavailable","Private","Unspecified","Land Survey","Land Survey","0","1","0","0","0","0","Yes","28/2026","Full","Raymund Nicolas George","","jurukurloudin@gmail.com","088-717987 / 012-8090687","Verified","Official Government Register","https://web.ljs.com.my/licensed-surveyors","Sabah","30","Official Sabah Surveyors Board Licensed Surveyors 2026 register.","Missing Coordinates; Missing Website","2026-07-19"
"LOC-0093","ORG-0093","Jurukur Wahap","","Licensed Survey Firm","Sabah","Malaysia","Sabah","Kota Kinabalu","","Kota Kinabalu, Sabah, Malaysia","","","Unavailable","Unavailable","Private","Unspecified","Land Survey","Land Survey","0","1","0","0","0","0","Yes","29/2026","Full","Wahap bin Kanak @ Saifudin","","jurukurwahap@gmail.com","016-5092268","Verified","Official Government Register","https://web.ljs.com.my/licensed-surveyors","Sabah","31","Official Sabah Surveyors Board Licensed Surveyors 2026 register.","Missing Coordinates; Missing Website","2026-07-19"
"LOC-0094","ORG-0094","Radian Geomatics PLT","","Licensed Survey Firm","Sabah","Malaysia","Sabah","Kota Kinabalu","","Kota Kinabalu, Sabah, Malaysia","","","Unavailable","Unavailable","Private","Unspecified","Land Survey","Land Survey","0","1","0","0","0","0","Yes","30/2026","Full","Ronald Foo Yen Seng","","contact@radiangeomatics.com","088-225295 / 019-4141819","Verified","Official Government Register","https://web.ljs.com.my/licensed-surveyors","Sabah","32","Official Sabah Surveyors Board Licensed Surveyors 2026 register.","Missing Coordinates; Missing Website","2026-07-19"
"LOC-0095","ORG-0095","Jurukur Saat D","","Licensed Survey Firm","Sabah","Malaysia","Sabah","Sandakan","","Sandakan, Sabah, Malaysia","","","Unavailable","Unavailable","Private","Unspecified","Land Survey","Land Survey","0","1","0","0","0","0","Yes","31/2026","Full","Saat bin Durasit","","jurukursaatd@gmail.com","019-8137339","Verified","Official Government Register","https://web.ljs.com.my/licensed-surveyors","Sabah","33","Official Sabah Surveyors Board Licensed Surveyors 2026 register.","Missing Coordinates; Missing Website","2026-07-19"
"LOC-0096","ORG-0096","Perunding Ukur Utama","","Licensed Survey Firm","Sabah","Malaysia","Sabah","Kota Kinabalu","","Kota Kinabalu, Sabah, Malaysia","","","Unavailable","Unavailable","Private","Unspecified","Land Survey","Land Survey","0","1","0","0","0","0","Yes","38/2026","Full","Hj. Awang Fauzi bin Awang Tahir","","afatahir@gmail.com / perundingukurutama@gmail.com","013-8858919","Verified","Official Government Register","https://web.ljs.com.my/licensed-surveyors","Sabah","34","Official Sabah Surveyors Board Licensed Surveyors 2026 register.","Missing Coordinates; Missing Website","2026-07-19"
"LOC-0097","ORG-0097","Juruukur Bernard Liew & Associates","","Licensed Survey Firm","Sabah","Malaysia","Sabah","Kota Kinabalu","","Kota Kinabalu, Sabah, Malaysia","","","Unavailable","Unavailable","Private","Unspecified","Land Survey","Land Survey","0","1","0","0","0","0","Yes","39/2026","Full","Datuk Bernard Liew Chau Min","","bernardliew.JBL@gmail.com","019-8608018","Verified","Official Government Register","https://web.ljs.com.my/licensed-surveyors","Sabah","35","Official Sabah Surveyors Board Licensed Surveyors 2026 register.","Missing Coordinates; Missing Website","2026-07-19"
"LOC-0098","ORG-0098","Jurukur Masa","","Licensed Survey Firm","Sabah","Malaysia","Sabah","Kota Kinabalu","","Kota Kinabalu, Sabah, Malaysia","","","Unavailable","Unavailable","Private","Unspecified","Land Survey","Land Survey","0","1","0","0","0","0","Yes","*32/2026 (restricted licence)","Restricted","David Cheng Hoi Wah","","jurukurmasa@gmail.com / jumascheng@yahoo.com","088-211482","Verified","Official Government Register","https://web.ljs.com.my/licensed-surveyors","Sabah","36","Official Sabah Surveyors Board Licensed Surveyors 2026 register.","Missing Coordinates; Missing Website","2026-07-19"
"LOC-0099","ORG-0099","Wah King Tze & Rakan","","Licensed Survey Firm","Sabah","Malaysia","Sabah","Kota Kinabalu","","Kota Kinabalu, Sabah, Malaysia","","","Unavailable","Unavailable","Private","Unspecified","Land Survey","Land Survey","0","1","0","0","0","0","Yes","*33/2026 (restricted licence)","Restricted","Wah King Tze","","kingtzew@yahoo.com","088-256688","Verified","Official Government Register","https://web.ljs.com.my/licensed-surveyors","Sabah","37","Official Sabah Surveyors Board Licensed Surveyors 2026 register.","Missing Coordinates; Missing Website","2026-07-19"
"LOC-0100","ORG-0100","Jurukur Swasta","","Licensed Survey Firm","Sabah","Malaysia","Sabah","Kota Kinabalu","","Kota Kinabalu, Sabah, Malaysia","","","Unavailable","Unavailable","Private","Unspecified","Land Survey","Land Survey","0","1","0","0","0","0","Yes","*34/2026 (restricted licence)","Restricted","Robert Chung Hon Cheong","","jswasta169@gmail.com","088-211820","Verified","Official Government Register","https://web.ljs.com.my/licensed-surveyors","Sabah","38","Official Sabah Surveyors Board Licensed Surveyors 2026 register.","Missing Coordinates; Missing Website","2026-07-19"
"LOC-0101","ORG-0101","Sejagat Survey Consultant","","Licensed Survey Firm","Sabah","Malaysia","Sabah","Kota Kinabalu","","Kota Kinabalu, Sabah, Malaysia","","","Unavailable","Unavailable","Private","Unspecified","Land Survey","Land Survey","0","1","0","0","0","0","Yes","*35/2026 (restricted licence)","Restricted","Datuk Hamid Bin Ali","","sejagatsabah@gmail.com","088-485950","Verified","Official Government Register","https://web.ljs.com.my/licensed-surveyors","Sabah","39","Official Sabah Surveyors Board Licensed Surveyors 2026 register.","Missing Coordinates; Missing Website","2026-07-19"
"LOC-0102","ORG-0102","Geocosmos Survey Consultant","","Licensed Survey Firm","Sabah","Malaysia","Sabah","Kota Kinabalu","","Kota Kinabalu, Sabah, Malaysia","","","Unavailable","Unavailable","Private","Unspecified","Land Survey","Land Survey","0","1","0","0","0","0","Yes","*36/2026 (restricted licence)","Restricted","Datuk Ahmad Fauzi Bin Nordin","","geocosmosbh@gmail.com","088-763434","Verified","Official Government Register","https://web.ljs.com.my/licensed-surveyors","Sabah","40","Official Sabah Surveyors Board Licensed Surveyors 2026 register.","Missing Coordinates; Missing Website","2026-07-19"
"LOC-0103","ORG-0103","Indera Ukur Konsultan","","Licensed Survey Firm","Sabah","Malaysia","Sabah","Penampang","","Penampang, Sabah, Malaysia","","","Unavailable","Unavailable","Private","Unspecified","Land Survey","Land Survey","0","1","0","0","0","0","Yes","*37/2026 (restricted licence)","Restricted","Dato' Indera Mohd Noor Bin Isa","","indera.ukur@gmail.com","088-702127","Verified","Official Government Register","https://web.ljs.com.my/licensed-surveyors","Sabah","41","Official Sabah Surveyors Board Licensed Surveyors 2026 register.","Missing Coordinates; Missing Website","2026-07-19"
"LOC-0104","ORG-0104","Lands and Surveys Department Sabah","","Government Agency","Sabah","Malaysia","Sabah","Kota Kinabalu","","Kota Kinabalu, Sabah, Malaysia","","","Unavailable","Unavailable","Government","Government","GIS","GIS; Land Survey","1","1","0","0","0","0","Not Applicable","Not Applicable","Not Applicable","Not Applicable","https://jtu.sabah.gov.my","","","Verified","Government Website","https://jtu.sabah.gov.my","Sabah","47","State authority for cadastral survey, mapping, land administration and land information.","Missing Coordinates; Missing Contact","2026-07-19"
"LOC-0105","ORG-0105","Sabah Forestry Department","","Government Agency","Sabah","Malaysia","Sabah","Sandakan","","Sandakan, Sabah, Malaysia","","","Unavailable","Unavailable","Government","Government","GIS","GIS; Remote Sensing","1","0","0","1","0","0","Not Applicable","Not Applicable","Not Applicable","Not Applicable","https://forest.sabah.gov.my","","","Verified","Government Website","https://forest.sabah.gov.my","Sabah","48","Forest management agency using GIS and remote sensing for planning and monitoring.","Missing Coordinates; Missing Contact","2026-07-19"
"LOC-0106","ORG-0106","Town and Regional Planning Department Sabah","","Government Agency","Sabah","Malaysia","Sabah","Kota Kinabalu","","Kota Kinabalu, Sabah, Malaysia","","","Unavailable","Unavailable","Government","Government","GIS","GIS","1","0","0","0","0","0","Not Applicable","Not Applicable","Not Applicable","Not Applicable","https://trpd.sabah.gov.my","","","Verified","Government Website","https://trpd.sabah.gov.my","Sabah","49","State planning agency using spatial plans and geospatial planning information.","Missing Coordinates; Missing Contact","2026-07-19"
"LOC-0107","ORG-0107","Department of Irrigation and Drainage Sabah","","Government Agency","Sabah","Malaysia","Sabah","Kota Kinabalu","","Kota Kinabalu, Sabah, Malaysia","","","Unavailable","Unavailable","Government","Government","GIS","GIS; Hydrography","1","0","1","0","0","0","Not Applicable","Not Applicable","Not Applicable","Not Applicable","https://water.sabah.gov.my","","","Verified","Government Website","https://water.sabah.gov.my","Sabah","50","State river, drainage and flood-management agency with geospatial and hydraulic-data functions.","Missing Coordinates; Missing Contact","2026-07-19"
"LOC-0108","ORG-0108","Sabah Parks","","Government Agency","Sabah","Malaysia","Sabah","Kota Kinabalu","","Kota Kinabalu, Sabah, Malaysia","","","Unavailable","Unavailable","Government","Government","GIS","GIS; Remote Sensing","1","0","0","1","0","0","Not Applicable","Not Applicable","Not Applicable","Not Applicable","https://sabahparks.org.my","","","Verified","Government Website","https://sabahparks.org.my","Sabah","51","Protected-area authority using spatial data for park and biodiversity management.","Missing Coordinates; Missing Contact","2026-07-19"
"LOC-0109","ORG-0109","Sabah Biodiversity Centre","","Government Agency","Sabah","Malaysia","Sabah","Kota Kinabalu","","Kota Kinabalu, Sabah, Malaysia","","","Unavailable","Unavailable","Government","Government","GIS","GIS; Remote Sensing","1","0","0","1","0","0","Not Applicable","Not Applicable","Not Applicable","Not Applicable","https://sabc.sabah.gov.my","","","Verified","Government Website","https://sabc.sabah.gov.my","Sabah","52","State biodiversity information and conservation centre with spatial inventory functions.","Missing Coordinates; Missing Contact","2026-07-19"
"LOC-0110","ORG-0028","Bandwork GPS Solutions Sdn Bhd","Bandwork GPS Solutions Sdn Bhd","Company","Sabah","Malaysia","Sabah","Kota Kinabalu","","Kota Kinabalu, Sabah, Malaysia","","","Unavailable","Unavailable","Private","Private Company","Multi-disciplinary Geomatics","Land Survey; Hydrography; Drone/UAV; Utility Mapping","0","1","1","0","1","1","Unspecified","Unspecified","Not Applicable","Not Applicable","https://bandwork.com.my","","","Verified","Official Company Website","https://bandwork.com.my","Sabah","53","Sabah branch supplying GNSS, survey, UAS-LiDAR, GPR and hydrographic systems.","Missing Coordinates; Missing Contact","2026-07-19"
"LOC-0111","ORG-0110","ACE Geomatics Sdn. Bhd.","","Licensed Survey Firm","Sarawak","Malaysia","Sarawak","Kuching","","Kuching, Sarawak, Malaysia","","","Unavailable","Unavailable","Private","Unspecified","Land Survey","Land Survey","0","1","0","0","0","0","Yes","Unspecified","Unspecified","Datu Sr Sudarsono Osman","","sudarosman@gmail.com","082-335151","Verified","Official Association Register","https://acls.my/members","Sarawak","5","Official ACLS Sarawak member register; source table already deduplicated to unique firms.","Missing Coordinates; Missing Website","2026-07-19"
"LOC-0112","ORG-0111","AD. Lulu Survey Consultant","","Licensed Survey Firm","Sarawak","Malaysia","Sarawak","Kuching","","Kuching, Sarawak, Malaysia","","","Unavailable","Unavailable","Private","Unspecified","Land Survey","Land Survey","0","1","0","0","0","0","Yes","Unspecified","Unspecified","Sr Taib Bin Belal","","adlulusurvey@gmail.com","082-420161","Verified","Official Association Register","https://acls.my/members","Sarawak","6","Official ACLS Sarawak member register; source table already deduplicated to unique firms.","Missing Coordinates; Missing Website","2026-07-19"
"LOC-0113","ORG-0112","Alpha Survey Consultant","","Licensed Survey Firm","Sarawak","Malaysia","Sarawak","Kuching","","Kuching, Sarawak, Malaysia","","","Unavailable","Unavailable","Private","Unspecified","Land Survey","Land Survey","0","1","0","0","0","0","Yes","Unspecified","Unspecified","Sr Ku Beng Hock","","alphasurvey@hotmail.com","082-451028","Verified","Official Association Register","https://acls.my/members","Sarawak","7","Official ACLS Sarawak member register; source table already deduplicated to unique firms.","Missing Coordinates; Missing Website","2026-07-19"
"LOC-0114","ORG-0113","Apex Survey Consultants Sdn. Bhd.","","Licensed Survey Firm","Sarawak","Malaysia","Sarawak","Kuching","","Kuching, Sarawak, Malaysia","","","Unavailable","Unavailable","Private","Unspecified","Land Survey","Land Survey","0","1","0","0","0","0","Yes","Unspecified","Unspecified","Sr Eric Lee Kuan Hui","","apexsurv@gmail.com","010-9000628","Verified","Official Association Register","https://acls.my/members","Sarawak","8","Official ACLS Sarawak member register; source table already deduplicated to unique firms.","Missing Coordinates; Missing Website","2026-07-19"
"LOC-0115","ORG-0114","Ark Geomatics Consultant","","Licensed Survey Firm","Sarawak","Malaysia","Sarawak","Kuching","","Kuching, Sarawak, Malaysia","","","Unavailable","Unavailable","Private","Unspecified","Land Survey","Land Survey","0","1","0","0","0","0","Yes","Unspecified","Unspecified","Sr Kueh Hui Urg","","arkgeomatics@yahoo.com","018-9591978","Verified","Official Association Register","https://acls.my/members","Sarawak","9","Official ACLS Sarawak member register; source table already deduplicated to unique firms.","Missing Coordinates; Missing Website","2026-07-19"
"LOC-0116","ORG-0115","Azam Dinamik Survey","","Licensed Survey Firm","Sarawak","Malaysia","Sarawak","Bintulu","Miri","Bintulu, Sarawak, Malaysia","","","Unavailable","Unavailable","Private","Unspecified","Land Survey","Land Survey","0","1","0","0","0","0","Yes","Unspecified","Unspecified","Sr Ajmaen Bin Superi","","azamdinamiksurvey@gmail.com","085-411675 / 085-324841","Verified","Official Association Register","https://acls.my/members","Sarawak","10","Official ACLS Sarawak member register; source table already deduplicated to unique firms.","Missing Coordinates; Missing Website; Multiple Locations","2026-07-19"
"LOC-0117","ORG-0116","Blessed Earth Survey Services","","Licensed Survey Firm","Sarawak","Malaysia","Sarawak","Kuching","Miri","Kuching, Sarawak, Malaysia","","","Unavailable","Unavailable","Private","Unspecified","Land Survey","Land Survey","0","1","0","0","0","0","Yes","Unspecified","Unspecified","Sr Wong Ching Siew","","bless3688@gmail.com / blessmiri495@gmail.com","082-265730 / 085-661495","Verified","Official Association Register","https://acls.my/members","Sarawak","11","Official ACLS Sarawak member register; source table already deduplicated to unique firms.","Missing Coordinates; Missing Website; Multiple Locations","2026-07-19"
"LOC-0118","ORG-0117","Borders Survey Consultant Sdn. Bhd.","","Licensed Survey Firm","Sarawak","Malaysia","Sarawak","Kuching","","Kuching, Sarawak, Malaysia","","","Unavailable","Unavailable","Private","Unspecified","Land Survey","Land Survey","0","1","0","0","0","0","Yes","Unspecified","Unspecified","Sr Valentine Liaw Aik Sin","","borderssurvey@gmail.com","082-547171","Verified","Official Association Register","https://acls.my/members","Sarawak","12","Official ACLS Sarawak member register; source table already deduplicated to unique firms.","Missing Coordinates; Missing Website","2026-07-19"
"LOC-0119","ORG-0118","Bormap Surveys Sdn. Bhd.","","Licensed Survey Firm","Sarawak","Malaysia","Sarawak","Kuching","Sibu; Bintulu","Kuching, Sarawak, Malaysia","","","Unavailable","Unavailable","Private","Unspecified","Land Survey","Land Survey","0","1","0","0","0","0","Yes","Unspecified","Unspecified","Sr Kiu Chiong Ting; Sr Chan Guan Seng; Sr Leong Chin Hin; Sr Edmund Song Swee Khoon; Sr Hii King Kwong","","bormapsurveys@yahoo.com.my","082-486868 / 084-325421","Verified","Official Association Register","https://acls.my/members","Sarawak","13","Official ACLS Sarawak member register; source table already deduplicated to unique firms.","Missing Coordinates; Missing Website; Multiple Locations","2026-07-19"
"LOC-0120","ORG-0119","Geomatics Survey Consultants","","Licensed Survey Firm","Sarawak","Malaysia","Sarawak","Kuching","","Kuching, Sarawak, Malaysia","","","Unavailable","Unavailable","Private","Unspecified","Land Survey","Land Survey","0","1","0","0","0","0","Yes","Unspecified","Unspecified","Sr Haji Sulaiman Bin Salleh","","geomatics_03@yahoo.com","082-232949","Verified","Official Association Register","https://acls.my/members","Sarawak","14","Official ACLS Sarawak member register; source table already deduplicated to unique firms.","Missing Coordinates; Missing Website","2026-07-19"
"LOC-0121","ORG-0120","Geosurvey Consultant","","Licensed Survey Firm","Sarawak","Malaysia","Sarawak","Kuching","","Kuching, Sarawak, Malaysia","","","Unavailable","Unavailable","Private","Unspecified","Land Survey","Land Survey","0","1","0","0","0","0","Yes","Unspecified","Unspecified","Sr George Chai Min Hiung; Sr Norman Chai Wuihern","","geosurveyconsult@gmail.com","082-453218","Verified","Official Association Register","https://acls.my/members","Sarawak","15","Official ACLS Sarawak member register; source table already deduplicated to unique firms.","Missing Coordinates; Missing Website","2026-07-19"
"LOC-0122","ORG-0121","Global Survey Services","","Licensed Survey Firm","Sarawak","Malaysia","Sarawak","Kuching","","Kuching, Sarawak, Malaysia","","","Unavailable","Unavailable","Private","Unspecified","Land Survey","Land Survey","0","1","0","0","0","0","Yes","Unspecified","Unspecified","Sr Kho Teng Hong @ Kho Teng Kwang","","global_survey_services@yahoo.com","016-8086588","Verified","Official Association Register","https://acls.my/members","Sarawak","16","Official ACLS Sarawak member register; source table already deduplicated to unique firms.","Missing Coordinates; Missing Website","2026-07-19"
"LOC-0123","ORG-0122","J.C Survey Services","","Licensed Survey Firm","Sarawak","Malaysia","Sarawak","Kuching","","Kuching, Sarawak, Malaysia","","","Unavailable","Unavailable","Private","Unspecified","Land Survey","Land Survey","0","1","0","0","0","0","Yes","Unspecified","Unspecified","Sr James Chan Chok Chung","","jccchan1964@gmail.com","012-8887118","Verified","Official Association Register","https://acls.my/members","Sarawak","17","Official ACLS Sarawak member register; source table already deduplicated to unique firms.","Missing Coordinates; Missing Website","2026-07-19"
"LOC-0124","ORG-0123","Jurukon Malaysia","","Licensed Survey Firm","Sarawak","Malaysia","Sarawak","Kuching","","Kuching, Sarawak, Malaysia","","","Unavailable","Unavailable","Private","Unspecified","Land Survey","Land Survey","0","1","0","0","0","0","Yes","Unspecified","Unspecified","Sr Dennis Chong Nyuk Loi; Sr Chua Kwang Chih","","info@jurukon.com","082-239689","Verified","Official Association Register","https://acls.my/members","Sarawak","18","Official ACLS Sarawak member register; source table already deduplicated to unique firms.","Missing Coordinates; Missing Website","2026-07-19"
"LOC-0125","ORG-0124","Jurukur Awang","","Licensed Survey Firm","Sarawak","Malaysia","Sarawak","Mukah","","Mukah, Sarawak, Malaysia","","","Unavailable","Unavailable","Private","Unspecified","Land Survey","Land Survey","0","1","0","0","0","0","Yes","Unspecified","Unspecified","Sr Awang Ahmad Bin Awang Basri","","awangahmadbasri@gmail.com","084-871134","Verified","Official Association Register","https://acls.my/members","Sarawak","19","Official ACLS Sarawak member register; source table already deduplicated to unique firms.","Missing Coordinates; Missing Website","2026-07-19"
"LOC-0126","ORG-0125","Jurukur Jaya","","Licensed Survey Firm","Sarawak","Malaysia","Sarawak","Kuching","","Kuching, Sarawak, Malaysia","","","Unavailable","Unavailable","Private","Unspecified","Land Survey","Land Survey","0","1","0","0","0","0","Yes","Unspecified","Unspecified","Sr Joseph Lau Ik Hung","","jurukurjaya@gmail.com","082-231830","Verified","Official Association Register","https://acls.my/members","Sarawak","20","Official ACLS Sarawak member register; source table already deduplicated to unique firms.","Missing Coordinates; Missing Website","2026-07-19"
"LOC-0127","ORG-0126","Jurukur Maju Jaya","","Licensed Survey Firm","Sarawak","Malaysia","Sarawak","Kuching","","Kuching, Sarawak, Malaysia","","","Unavailable","Unavailable","Private","Unspecified","Land Survey","Land Survey","0","1","0","0","0","0","Yes","Unspecified","Unspecified","Sr Majuan Bin Jeraie","","jurukurmajujaya@gmail.com","082-410997","Verified","Official Association Register","https://acls.my/members","Sarawak","21","Official ACLS Sarawak member register; source table already deduplicated to unique firms.","Missing Coordinates; Missing Website","2026-07-19"
"LOC-0128","ORG-0127","Jurukur Metra","","Licensed Survey Firm","Sarawak","Malaysia","Sarawak","Kuching","","Kuching, Sarawak, Malaysia","","","Unavailable","Unavailable","Private","Unspecified","Land Survey","Land Survey","0","1","0","0","0","0","Yes","Unspecified","Unspecified","Sr Ts. Sukman Bin Said","","jurukurmetra@outlook.com","082-646898","Verified","Official Association Register","https://acls.my/members","Sarawak","22","Official ACLS Sarawak member register; source table already deduplicated to unique firms.","Missing Coordinates; Missing Website","2026-07-19"
"LOC-0129","ORG-0128","Jurukur Perkasa Sdn. Bhd.","","Licensed Survey Firm","Sarawak","Malaysia","Sarawak","Kota Samarahan","","Kota Samarahan, Sarawak, Malaysia","","","Unavailable","Unavailable","Private","Unspecified","Land Survey","Land Survey","0","1","0","0","0","0","Yes","Unspecified","Unspecified","Sr Gs. Ts. Haji Masri Bin Juni @ Mohamad Juni","","jurukurperkasa@gmail.com","082-365604","Verified","Official Association Register","https://acls.my/members","Sarawak","23","Official ACLS Sarawak member register; source table already deduplicated to unique firms.","Missing Coordinates; Missing Website","2026-07-19"
"LOC-0130","ORG-0129","Jurukur Ramdan","","Licensed Survey Firm","Sarawak","Malaysia","Sarawak","Kuching","","Kuching, Sarawak, Malaysia","","","Unavailable","Unavailable","Private","Unspecified","Land Survey","Land Survey","0","1","0","0","0","0","Yes","Unspecified","Unspecified","Sr Ramdan Bin Mahari","","jr_survey6768@yahoo.com","082-258160","Verified","Official Association Register","https://acls.my/members","Sarawak","24","Official ACLS Sarawak member register; source table already deduplicated to unique firms.","Missing Coordinates; Missing Website","2026-07-19"
"LOC-0131","ORG-0130","Juru Survei Konsult","","Licensed Survey Firm","Sarawak","Malaysia","Sarawak","Kuching","","Kuching, Sarawak, Malaysia","","","Unavailable","Unavailable","Private","Unspecified","Land Survey","Land Survey","0","1","0","0","0","0","Yes","Unspecified","Unspecified","Sr Jonathan Ngu Liew Ing; Sr Saudi Bin Morinie","","jurusurveikonsult@gmail.com","082-235057","Verified","Official Association Register","https://acls.my/members","Sarawak","25","Official ACLS Sarawak member register; source table already deduplicated to unique firms.","Missing Coordinates; Missing Website","2026-07-19"
"LOC-0132","ORG-0131","Juru Survei Mas Gading","","Licensed Survey Firm","Sarawak","Malaysia","Sarawak","Kuching","","Kuching, Sarawak, Malaysia","","","Unavailable","Unavailable","Private","Unspecified","Land Survey","Land Survey","0","1","0","0","0","0","Yes","Unspecified","Unspecified","Sr Messio Anak Danggas","","messiodanggas68@gmail.com","082-459420","Verified","Official Association Register","https://acls.my/members","Sarawak","26","Official ACLS Sarawak member register; source table already deduplicated to unique firms.","Missing Coordinates; Missing Website","2026-07-19"
"LOC-0133","ORG-0132","Juruukur Prima","","Licensed Survey Firm","Sarawak","Malaysia","Sarawak","Kuching","Miri","Kuching, Sarawak, Malaysia","","","Unavailable","Unavailable","Private","Unspecified","Land Survey","Land Survey","0","1","0","0","0","0","Yes","Unspecified","Unspecified","Sr Patrick Yii See Heng","","prima08@hotmail.com","082-366389 / 085-656119","Verified","Official Association Register","https://acls.my/members","Sarawak","27","Official ACLS Sarawak member register; source table already deduplicated to unique firms.","Missing Coordinates; Missing Website; Multiple Locations","2026-07-19"
"LOC-0134","ORG-0133","LS Survey Consultant Sdn. Bhd.","","Licensed Survey Firm","Sarawak","Malaysia","Sarawak","Kuching","","Kuching, Sarawak, Malaysia","","","Unavailable","Unavailable","Private","Unspecified","Land Survey","Land Survey","0","1","0","0","0","0","Yes","Unspecified","Unspecified","Sr Lucas Lai Siet Chong","","ls_survey@hotmail.com","082-232430","Verified","Official Association Register","https://acls.my/members","Sarawak","28","Official ACLS Sarawak member register; source table already deduplicated to unique firms.","Missing Coordinates; Missing Website","2026-07-19"
"LOC-0135","ORG-0134","PS Survey Consultant","","Licensed Survey Firm","Sarawak","Malaysia","Sarawak","Sibu","","Sibu, Sarawak, Malaysia","","","Unavailable","Unavailable","Private","Unspecified","Land Survey","Land Survey","0","1","0","0","0","0","Yes","Unspecified","Unspecified","Sr Paul Siaw Chii Hock","","paul_siaw@hotmail.com","013-8083101","Verified","Official Association Register","https://acls.my/members","Sarawak","29","Official ACLS Sarawak member register; source table already deduplicated to unique firms.","Missing Coordinates; Missing Website","2026-07-19"
"LOC-0136","ORG-0135","Perunding Survei TS","","Licensed Survey Firm","Sarawak","Malaysia","Sarawak","Kuching","","Kuching, Sarawak, Malaysia","","","Unavailable","Unavailable","Private","Unspecified","Land Survey","Land Survey","0","1","0","0","0","0","Yes","Unspecified","Unspecified","Sr Wong Tiong Seng","","psts04@yahoo.com","082-577313","Verified","Official Association Register","https://acls.my/members","Sarawak","30","Official ACLS Sarawak member register; source table already deduplicated to unique firms.","Missing Coordinates; Missing Website","2026-07-19"
"LOC-0137","ORG-0136","Perunding Ukurtanah Watan","","Licensed Survey Firm","Sarawak","Malaysia","Sarawak","Kuching","","Kuching, Sarawak, Malaysia","","","Unavailable","Unavailable","Private","Unspecified","Land Survey","Land Survey","0","1","0","0","0","0","Yes","Unspecified","Unspecified","Sr Abdul Kadir B Haji Mentarang","","putw_003@yahoo.com","082-424933","Verified","Official Association Register","https://acls.my/members","Sarawak","31","Official ACLS Sarawak member register; source table already deduplicated to unique firms.","Missing Coordinates; Missing Website","2026-07-19"
"LOC-0138","ORG-0137","Putra Geomatics Survey","","Licensed Survey Firm","Sarawak","Malaysia","Sarawak","Miri","Kuching","Miri, Sarawak, Malaysia","","","Unavailable","Unavailable","Private","Unspecified","Land Survey","Land Survey","0","1","0","0","0","0","Yes","Unspecified","Unspecified","Sr Haji Husaini Bin Suhaili","","putra_survey@yahoo.com","085-424267 / 082-611796","Verified","Official Association Register","https://acls.my/members","Sarawak","32","Official ACLS Sarawak member register; source table already deduplicated to unique firms.","Missing Coordinates; Missing Website; Multiple Locations","2026-07-19"
"LOC-0139","ORG-0138","Resources Surveys Services","","Licensed Survey Firm","Sarawak","Malaysia","Sarawak","Kuching","","Kuching, Sarawak, Malaysia","","","Unavailable","Unavailable","Private","Unspecified","Land Survey","Land Survey","0","1","0","0","0","0","Yes","Unspecified","Unspecified","Sr Zapari Bin Mardan; Sr John Cheu Teck Hook","","resources.surveys@gmail.com","082-330728","Verified","Official Association Register","https://acls.my/members","Sarawak","33","Official ACLS Sarawak member register; source table already deduplicated to unique firms.","Missing Coordinates; Missing Website","2026-07-19"
"LOC-0140","ORG-0139","Saland Survey Services","","Licensed Survey Firm","Sarawak","Malaysia","Sarawak","Kuching","","Kuching, Sarawak, Malaysia","","","Unavailable","Unavailable","Private","Unspecified","Land Survey","Land Survey","0","1","0","0","0","0","Yes","Unspecified","Unspecified","Sr Quek Chiew Siam","","salandss85@gmail.com","082-412617 / 082-412697","Verified","Official Association Register","https://acls.my/members","Sarawak","34","Official ACLS Sarawak member register; source table already deduplicated to unique firms.","Missing Coordinates; Missing Website","2026-07-19"
"LOC-0141","ORG-0140","Survey Development Services","","Licensed Survey Firm","Sarawak","Malaysia","Sarawak","Kuching","Sarikei; Miri","Kuching, Sarawak, Malaysia","","","Unavailable","Unavailable","Private","Unspecified","Land Survey","Land Survey","0","1","0","0","0","0","Yes","Unspecified","Unspecified","Sr Luke Khiu Khon Sem","","135sds@gmail.com","082-247735 / 084-651767 / 085-410511","Verified","Official Association Register","https://acls.my/members","Sarawak","35","Official ACLS Sarawak member register; source table already deduplicated to unique firms.","Missing Coordinates; Missing Website; Multiple Locations","2026-07-19"
"LOC-0142","ORG-0141","Survey Solutions","","Licensed Survey Firm","Sarawak","Malaysia","Sarawak","Kuching","","Kuching, Sarawak, Malaysia","","","Unavailable","Unavailable","Private","Unspecified","Land Survey","Land Survey","0","1","0","0","0","0","Yes","Unspecified","Unspecified","Sr Collin Cheong Yeong Guang","","survey.solutions@gmail.com","082-239399","Verified","Official Association Register","https://acls.my/members","Sarawak","36","Official ACLS Sarawak member register; source table already deduplicated to unique firms.","Missing Coordinates; Missing Website","2026-07-19"
"LOC-0143","ORG-0142","Terra Survey Services","","Licensed Survey Firm","Sarawak","Malaysia","Sarawak","Kuching","","Kuching, Sarawak, Malaysia","","","Unavailable","Unavailable","Private","Unspecified","Land Survey","Land Survey","0","1","0","0","0","0","Yes","Unspecified","Unspecified","Sr Alex Ting Lik Kiun","","terrasurvey@gmail.com","082-426346","Verified","Official Association Register","https://acls.my/members","Sarawak","37","Official ACLS Sarawak member register; source table already deduplicated to unique firms.","Missing Coordinates; Missing Website","2026-07-19"
"LOC-0144","ORG-0143","Total Survey Consultant","","Licensed Survey Firm","Sarawak","Malaysia","Sarawak","Kuching","","Kuching, Sarawak, Malaysia","","","Unavailable","Unavailable","Private","Unspecified","Land Survey","Land Survey","0","1","0","0","0","0","Yes","Unspecified","Unspecified","Sr Ting Sii Chiong; Sr Endela @ Endella Anak Ahin","","totalsurveyconsultant@gmail.com","082-331758","Verified","Official Association Register","https://acls.my/members","Sarawak","38","Official ACLS Sarawak member register; source table already deduplicated to unique firms.","Missing Coordinates; Missing Website","2026-07-19"
"LOC-0145","ORG-0144","Ukurancang Perunding Sdn. Bhd.","","Licensed Survey Firm","Sarawak","Malaysia","Sarawak","Kuching","","Kuching, Sarawak, Malaysia","","","Unavailable","Unavailable","Private","Unspecified","Land Survey","Land Survey","0","1","0","0","0","0","Yes","Unspecified","Unspecified","Sr Bong Sen Kui","","upsb@up.com.my","082-423219","Verified","Official Association Register","https://acls.my/members","Sarawak","39","Official ACLS Sarawak member register; source table already deduplicated to unique firms.","Missing Coordinates; Missing Website","2026-07-19"
"LOC-0146","ORG-0145","Ukurunding Kenyalang Sdn. Bhd.","","Licensed Survey Firm","Sarawak","Malaysia","Sarawak","Kuching","","Kuching, Sarawak, Malaysia","","","Unavailable","Unavailable","Private","Unspecified","Land Survey","Land Survey","0","1","0","0","0","0","Yes","Unspecified","Unspecified","Sr Haji Mustafa Bin Haji Jol; Sr Peter Chai Ching Wang","","uksbswk@gmail.com","082-259253","Verified","Official Association Register","https://acls.my/members","Sarawak","40","Official ACLS Sarawak member register; source table already deduplicated to unique firms.","Missing Coordinates; Missing Website","2026-07-19"
"LOC-0147","ORG-0146","United Survey Consultants Sdn. Bhd.","","Licensed Survey Firm","Sarawak","Malaysia","Sarawak","Kuching","","Kuching, Sarawak, Malaysia","","","Unavailable","Unavailable","Private","Unspecified","Land Survey","Land Survey","0","1","0","0","0","0","Yes","Unspecified","Unspecified","Sr Stephen Kong Swee Meng; Sr Joseph Tay Sau Kang; Sr Chen Chee Joong","","usckch@gmail.com","082-365159","Verified","Official Association Register","https://acls.my/members","Sarawak","41","Official ACLS Sarawak member register; source table already deduplicated to unique firms.","Missing Coordinates; Missing Website","2026-07-19"
"LOC-0148","ORG-0147","Wann Geometics Survey","","Licensed Survey Firm","Sarawak","Malaysia","Sarawak","Kuching","","Kuching, Sarawak, Malaysia","","","Unavailable","Unavailable","Private","Unspecified","Land Survey","Land Survey","0","1","0","0","0","0","Yes","Unspecified","Unspecified","Sr Haji Daud Bin Majeni","","wanns@gmail.com","082-422321","Verified","Official Association Register","https://acls.my/members","Sarawak","42","Official ACLS Sarawak member register; source table already deduplicated to unique firms.","Missing Coordinates; Missing Website","2026-07-19"
"LOC-0149","ORG-0148","W.L.S. Survey Services","","Licensed Survey Firm","Sarawak","Malaysia","Sarawak","Kuching","","Kuching, Sarawak, Malaysia","","","Unavailable","Unavailable","Private","Unspecified","Land Survey","Land Survey","0","1","0","0","0","0","Yes","Unspecified","Unspecified","Sr Haji Saimi Bin Mahmud","","husnasaini@gmail.com","013-8394348","Verified","Official Association Register","https://acls.my/members","Sarawak","43","Official ACLS Sarawak member register; source table already deduplicated to unique firms.","Missing Coordinates; Missing Website","2026-07-19"
"LOC-0150","ORG-0149","X.Y.Z. Surveys","","Licensed Survey Firm","Sarawak","Malaysia","Sarawak","Kuching","","Kuching, Sarawak, Malaysia","","","Unavailable","Unavailable","Private","Unspecified","Land Survey","Land Survey","0","1","0","0","0","0","Yes","Unspecified","Unspecified","Sr Bong Sin Seng","","xyzsvy@gmail.com","019-8888213","Verified","Official Association Register","https://acls.my/members","Sarawak","44","Official ACLS Sarawak member register; source table already deduplicated to unique firms.","Missing Coordinates; Missing Website","2026-07-19"
"LOC-0151","ORG-0150","Land and Survey Department Sarawak","","Government Agency","Sarawak","Malaysia","Sarawak","Kuching","","Kuching, Sarawak, Malaysia","","","Unavailable","Unavailable","Government","Government","GIS","GIS; Land Survey; Remote Sensing","1","1","0","1","0","0","Not Applicable","Not Applicable","Not Applicable","Not Applicable","https://landsurvey.sarawak.gov.my","","","Verified","Government Website","https://landsurvey.sarawak.gov.my","Sarawak","50","State land and mapping authority; official site highlights GIS, remote sensing and GPS.","Missing Coordinates; Missing Contact","2026-07-19"
"LOC-0152","ORG-0151","Forest Department Sarawak","","Government Agency","Sarawak","Malaysia","Sarawak","Kuching","","Kuching, Sarawak, Malaysia","","","Unavailable","Unavailable","Government","Government","GIS","GIS; Remote Sensing","1","0","0","1","0","0","Not Applicable","Not Applicable","Not Applicable","Not Applicable","https://forestry.sarawak.gov.my","","","Verified","Government Website","https://forestry.sarawak.gov.my","Sarawak","51","Long-running GIS, remote-sensing and airborne-hyperspectral programmes.","Missing Coordinates; Missing Contact","2026-07-19"
"LOC-0153","ORG-0152","Public Works Department Sarawak","","Government Agency","Sarawak","Malaysia","Sarawak","Kuching","","Kuching, Sarawak, Malaysia","","","Unavailable","Unavailable","Government","Government","GIS","GIS; Land Survey; Remote Sensing","1","1","0","1","0","0","Not Applicable","Not Applicable","Not Applicable","Not Applicable","https://jkr.sarawak.gov.my","","","Verified","Government Website","https://jkr.sarawak.gov.my","Sarawak","52","State infrastructure agency listing GIS and remote-sensing technical services.","Missing Coordinates; Missing Contact","2026-07-19"
"LOC-0154","ORG-0153","Natural Resources and Environment Board Sarawak (NREB)","","Statutory Body","Sarawak","Malaysia","Sarawak","Kuching","","Kuching, Sarawak, Malaysia","","","Unavailable","Unavailable","Government","Statutory Body","GIS","GIS; Remote Sensing","1","0","0","1","0","0","Not Applicable","Not Applicable","Not Applicable","Not Applicable","https://nreb.sarawak.gov.my","","","Verified","Government Website","https://nreb.sarawak.gov.my","Sarawak","53","State environmental regulator using spatial information for assessment and monitoring.","Missing Coordinates; Missing Contact","2026-07-19"
"LOC-0155","ORG-0154","Ministry of Utility and Telecommunication Sarawak","","Government Agency","Sarawak","Malaysia","Sarawak","Kuching","","Kuching, Sarawak, Malaysia","","","Unavailable","Unavailable","Government","Government","GIS","GIS; Utility Mapping","1","0","0","0","0","1","Not Applicable","Not Applicable","Not Applicable","Not Applicable","https://mut.sarawak.gov.my","","","Verified","Government Website","https://mut.sarawak.gov.my","Sarawak","54","Coordinates GIS mapping integration across state water-supply authorities.","Missing Coordinates; Missing Contact","2026-07-19"
"LOC-0156","ORG-0155","Sarawak Information Systems Sdn Bhd (SAINS)","","GLC","Sarawak","Malaysia","Sarawak","Kuching","","Kuching, Sarawak, Malaysia","","","Unavailable","Unavailable","Private","GLC","GIS","GIS","1","0","0","0","0","0","Not Applicable","Not Applicable","Not Applicable","Not Applicable","https://sains.com.my","","","Verified","Official Company Website","https://sains.com.my","Sarawak","55","Sarawak technology company involved in state land-information and GIS systems.","Missing Coordinates; Missing Contact","2026-07-19"
"LOC-0157","ORG-0156","Sarawak Energy Berhad","","GLC","Sarawak","Malaysia","Sarawak","Kuching","","Kuching, Sarawak, Malaysia","","","Unavailable","Unavailable","Private","GLC","GIS","GIS; Remote Sensing; Utility Mapping","1","0","0","1","0","1","Not Applicable","Not Applicable","Not Applicable","Not Applicable","https://sarawakenergy.com","","","Verified","Official Company Website","https://sarawakenergy.com","Sarawak","56","State-owned energy utility using asset mapping and geospatial information.","Missing Coordinates; Missing Contact","2026-07-19"
"LOC-0158","ORG-0157","Singapore Land Authority","","Statutory Body","Southeast Asia Outside Malaysia","Singapore","","","","Singapore","","","Unavailable","Unavailable","Government","Statutory Body","GIS","GIS; Land Survey","1","1","0","0","0","0","Not Applicable","Not Applicable","Not Applicable","Not Applicable","","","","Verified","Government Website","","Southeast Asia","5","National land administration & geospatial data authority.","Missing Coordinates; Missing Website; Missing Contact","2026-07-19"
"LOC-0159","ORG-0158","Land Surveyors Board Singapore","","Statutory Body","Southeast Asia Outside Malaysia","Singapore","","","","Singapore","","","Unavailable","Unavailable","Government","Statutory Body","Land Survey","Land Survey","0","1","0","0","0","0","Not Applicable","Not Applicable","Not Applicable","Not Applicable","","","","Verified","Government Website","","Southeast Asia","6","Statutory licensing body for land surveyors.","Missing Coordinates; Missing Website; Missing Contact","2026-07-19"
"LOC-0160","ORG-0159","Esri Singapore Pte Ltd","","Company","Southeast Asia Outside Malaysia","Singapore","","","","Singapore","","","Unavailable","Unavailable","Private","Private Company","GIS","GIS","1","0","0","0","0","0","Not Applicable","Not Applicable","Not Applicable","Not Applicable","","","","Verified","Secondary Source","","Southeast Asia","7","ArcGIS distributor for Singapore.","Missing Coordinates; Missing Website; Missing Contact","2026-07-19"
"LOC-0161","ORG-0160","Fugro Singapore","","Company","Southeast Asia Outside Malaysia","Singapore","","","","Singapore","","","Unavailable","Unavailable","Private","MNC","Hydrography","Hydrography; Remote Sensing; Utility Mapping","0","0","1","1","0","1","Not Applicable","Not Applicable","Not Applicable","Not Applicable","","","","Verified","Secondary Source","","Southeast Asia","8","Geo-data multinational, exact public office coordinates found.","Missing Coordinates; Missing Website; Missing Contact","2026-07-19"
"LOC-0162","ORG-0161","Badan Informasi Geospasial (BIG)","","Government Agency","Southeast Asia Outside Malaysia","Indonesia","","","","Indonesia","","","Unavailable","Unavailable","Government","Government","GIS","GIS; Land Survey; Remote Sensing","1","1","0","1","0","0","Not Applicable","Not Applicable","Not Applicable","Not Applicable","","","","Verified","Government Website","","Southeast Asia","9","National geospatial information agency.","Missing Coordinates; Missing Website; Missing Contact","2026-07-19"
"LOC-0163","ORG-0162","Terra Drone Indonesia","","Company","Southeast Asia Outside Malaysia","Indonesia","","","","Indonesia","","","Unavailable","Unavailable","Private","MNC","GIS","GIS; Drone/UAV; Utility Mapping","1","0","0","0","1","1","Not Applicable","Not Applicable","Not Applicable","Not Applicable","","","","Verified","Secondary Source","","Southeast Asia","10","Indonesian arm of Terra Drone group.","Missing Coordinates; Missing Website; Missing Contact","2026-07-19"
"LOC-0164","ORG-0163","PT. Sriwijaya Aero Indonesia","","Company","Southeast Asia Outside Malaysia","Indonesia","","","","Indonesia","","","Unavailable","Unavailable","Private","Private Company","Multi-disciplinary Geomatics","GIS; Land Survey; Hydrography; Drone/UAV; Utility Mapping","1","1","1","0","1","1","Unspecified","Unspecified","Not Applicable","Not Applicable","","","","Verified","Secondary Source","","Southeast Asia","11","Full-service geospatial/survey/drone firm.","Missing Coordinates; Missing Website; Missing Contact","2026-07-19"
"LOC-0165","ORG-0164","GISTDA","","Government Agency","Southeast Asia Outside Malaysia","Thailand","","","","Thailand","","","Unavailable","Unavailable","Government","Government","GIS","GIS; Remote Sensing","1","0","0","1","0","0","Not Applicable","Not Applicable","Not Applicable","Not Applicable","","","","Verified","Government Website","","Southeast Asia","12","Geo-Informatics and Space Technology Development Agency.","Missing Coordinates; Missing Website; Missing Contact","2026-07-19"
"LOC-0166","ORG-0165","GeoViet Consulting","","Company","Southeast Asia Outside Malaysia","Vietnam","","","","Vietnam","","","Unavailable","Unavailable","Private","Private Company","GIS","GIS; Land Survey; Remote Sensing","1","1","0","1","0","0","Unspecified","Unspecified","Not Applicable","Not Applicable","","","","Verified","Secondary Source","","Southeast Asia","13","Mapping, imaging, geospatial & property-info integrated data solutions; also GIS/ENVI/Pix4D training.","Missing Coordinates; Missing Website; Missing Contact","2026-07-19"
"LOC-0167","ORG-0166","Vietnam National Space Center (VNSC)","","Government Agency","Southeast Asia Outside Malaysia","Vietnam","","","","Vietnam","","","Unavailable","Unavailable","Government","Government","GIS","GIS; Remote Sensing","1","0","0","1","0","0","Not Applicable","Not Applicable","Not Applicable","Not Applicable","","","","Verified","Government Website","","Southeast Asia","14","Under Vietnam Academy of Science & Technology; satellite/remote sensing/GNSS R&D.","Missing Coordinates; Missing Website; Missing Contact","2026-07-19"
"LOC-0168","ORG-0167","Green Field Consulting & Development Co., Ltd.","","Company","Southeast Asia Outside Malaysia","Vietnam","","","","Vietnam","","","Unavailable","Unavailable","Private","Private Company","Multi-disciplinary Geomatics","GIS; Land Survey; Remote Sensing; Drone/UAV","1","1","0","1","1","0","Not Applicable","Not Applicable","Not Applicable","Not Applicable","https://gfd.com.vn","","","Verified","Secondary Source","","Southeast Asia","15; 32","Remote sensing & GIS consultancy. | MERGED SOURCE: gfd.com.vn — Remote-sensing/GIS provider offering research, survey, forest monitoring and mobile/drone tools.","Missing Coordinates; Missing Contact","2026-07-19"
"LOC-0169","ORG-0168","NAMRIA","","Government Agency","Southeast Asia Outside Malaysia","Philippines","","","","Philippines","","","Unavailable","Unavailable","Government","Government","GIS","GIS; Land Survey; Hydrography","1","1","1","0","0","0","Not Applicable","Not Applicable","Not Applicable","Not Applicable","","","","Verified","Government Website","","Southeast Asia","16","National Mapping and Resource Information Authority.","Missing Coordinates; Missing Website; Missing Contact","2026-07-19"
"LOC-0170","ORG-0169","National Geographic Department","","Government Agency","Southeast Asia Outside Malaysia","Laos","","","","Laos","","","Unavailable","Unavailable","Government","Government","GIS","GIS; Land Survey","1","1","0","0","0","0","Not Applicable","Not Applicable","Not Applicable","Not Applicable","","","","Verified","Government Website","","Southeast Asia","17","National mapping authority of Laos.","Missing Coordinates; Missing Website; Missing Contact","2026-07-19"
"LOC-0171","ORG-0170","Land Surveyors Board Brunei Darussalam","","Statutory Body","Southeast Asia Outside Malaysia","Brunei","","","","Brunei","","","Unavailable","Unavailable","Government","Statutory Body","Land Survey","Land Survey","0","1","0","0","0","0","Not Applicable","Not Applicable","Not Applicable","Not Applicable","","","","Verified","Government Website","","Southeast Asia","18","Statutory licensing body for land surveyors in Brunei.","Missing Coordinates; Missing Website; Missing Contact","2026-07-19"
"LOC-0172","ORG-0171","VidaGIS (Vietnam-Denmark Geoinformatics Co. Ltd)","","Company","Southeast Asia Outside Malaysia","Vietnam","","","","Vietnam","","","Unavailable","Unavailable","Private","MNC","GIS","GIS; Utility Mapping","1","0","0","0","0","1","Not Applicable","Not Applicable","Not Applicable","Not Applicable","","","","Verified","Secondary Source","","Southeast Asia","19","Founded 2003; JV between DanWater Group/IFU (Denmark) & Cartographic Publishing House (Vietnam MONRE); GIS/AMS/EAMS software for water utilities, government agencies.","Missing Coordinates; Missing Website; Missing Contact","2026-07-19"
"LOC-0173","ORG-0172","Geodata Systems Technologies, Inc.","","Company","Southeast Asia Outside Malaysia","Philippines","","","","Philippines","","","Unavailable","Unavailable","Private","Private Company","GIS","GIS","1","0","0","0","0","0","Not Applicable","Not Applicable","Not Applicable","Not Applicable","","","","Verified","Secondary Source","","Southeast Asia","20","Sole authorized Esri distributor in the Philippines since 1991; ISO 9001:2015; GIS for utilities, LGUs, national security agencies (e.g. TRANSCO asset management).","Missing Coordinates; Missing Website; Missing Contact","2026-07-19"
"LOC-0174","ORG-0173","SRDP Consulting, Inc.","","Company","Southeast Asia Outside Malaysia","Philippines","","","","Philippines","","","Unavailable","Unavailable","Private","Private Company","Land Survey","Land Survey; Drone/UAV","0","1","0","0","1","0","Unspecified","Unspecified","Not Applicable","Not Applicable","","","","Verified","Secondary Source","","Southeast Asia","21","UAV/drone mapping services provider in the Philippines; also active in defense-sector UAV forums.","Missing Coordinates; Missing Website; Missing Contact","2026-07-19"
"LOC-0175","ORG-0174","Survey Department, Ministry of Development","","Government Agency","Southeast Asia Outside Malaysia","Brunei","","","","Brunei","","","Unavailable","Unavailable","Government","Government","GIS","GIS; Land Survey","1","1","0","0","0","0","Not Applicable","Not Applicable","Not Applicable","Not Applicable","https://geoportal.survey.gov.bn","","","Verified","Government Website","https://geoportal.survey.gov.bn","Southeast Asia","22","geoportal.survey.gov.bn — National survey authority collecting spatial information, producing maps and maintaining land-information technology.","Missing Coordinates; Missing Contact","2026-07-19"
"LOC-0176","ORG-0175","Survey Department Myanmar","","Government Agency","Southeast Asia Outside Malaysia","Myanmar","","","","Myanmar","","","Unavailable","Unavailable","Government","Government","GIS","GIS; Land Survey","1","1","0","0","0","0","Not Applicable","Not Applicable","Not Applicable","Not Applicable","https://surveydepartment.gov.mm","","","Verified","Government Website","https://surveydepartment.gov.mm","Southeast Asia","23","surveydepartment.gov.mm — National topographic mapping authority maintaining GPS control stations, benchmarks and boundary surveys.","Missing Coordinates; Missing Contact","2026-07-19"
"LOC-0177","ORG-0176","Center of Survey and Mapping Data","","Government Agency","Southeast Asia Outside Malaysia","Vietnam","","","","Vietnam","","","Unavailable","Unavailable","Government","Government","GIS","GIS; Land Survey","1","1","0","0","0","0","Not Applicable","Not Applicable","Not Applicable","Not Applicable","https://bandovn.vn","","","Verified","Government Website","https://bandovn.vn","Southeast Asia","24","bandovn.vn — Unit under Vietnam's survey/mapping department that stores, integrates and provides mapping data.","Missing Coordinates; Missing Contact","2026-07-19"
"LOC-0178","ORG-0177","Royal Thai Survey Department","","Government Agency","Southeast Asia Outside Malaysia","Thailand","","","","Thailand","","","Unavailable","Unavailable","Government","Government","GIS","GIS; Land Survey; Remote Sensing","1","1","0","1","0","0","Not Applicable","Not Applicable","Not Applicable","Not Applicable","https://rtsd.mi.th","","","Verified","Government Website","https://rtsd.mi.th","Southeast Asia","25","rtsd.mi.th — National mapping agency responsible for ground/aerial survey, topographic mapping and geodesy.","Missing Coordinates; Missing Contact","2026-07-19"
"LOC-0179","ORG-0178","Hydrographic Department, Royal Thai Navy","","Government Agency","Southeast Asia Outside Malaysia","Thailand","","","","Thailand","","","Unavailable","Unavailable","Government","Government","GIS","GIS; Hydrography","1","0","1","0","0","0","Not Applicable","Not Applicable","Not Applicable","Not Applicable","https://hydro.navy.mi.th","","","Verified","Government Website","https://hydro.navy.mi.th","Southeast Asia","26","hydro.navy.mi.th — National hydrographic office conducting surveys and producing nautical charts.","Missing Coordinates; Missing Contact","2026-07-19"
"LOC-0180","ORG-0179","Maritime and Port Authority of Singapore (MPA)","","Statutory Body","Southeast Asia Outside Malaysia","Singapore","","","","Singapore","","","Unavailable","Unavailable","Government","Statutory Body","GIS","GIS; Hydrography","1","0","1","0","0","0","Not Applicable","Not Applicable","Not Applicable","Not Applicable","https://mpa.gov.sg","","","Verified","Government Website","https://mpa.gov.sg","Southeast Asia","27","mpa.gov.sg — National maritime authority and co-driver of Singapore's 2024 Geospatial Master Plan.","Missing Coordinates; Missing Contact","2026-07-19"
"LOC-0181","ORG-0180","ST Engineering Geo-Insights Pte Ltd","","Company","Southeast Asia Outside Malaysia","Singapore","","","","Singapore","","","Unavailable","Unavailable","Private","MNC","GIS","GIS; Remote Sensing","1","0","0","1","0","0","Not Applicable","Not Applicable","Not Applicable","Not Applicable","https://stengg.com","","","Verified","Official Company Website","https://stengg.com","Southeast Asia","28","stengg.com — Satellite imagery and analytics for maritime, agriculture, infrastructure and environmental monitoring.","Missing Coordinates; Missing Contact","2026-07-19"
"LOC-0182","ORG-0181","GIS Co., Ltd.","","Company","Southeast Asia Outside Malaysia","Thailand","","","","Thailand","","","Unavailable","Unavailable","Private","Private Company","GIS","GIS; Land Survey; Remote Sensing","1","1","0","1","0","0","Unspecified","Unspecified","Not Applicable","Not Applicable","https://cdg.co.th/website/en/gisc","","","Verified","Official Company Website","https://cdg.co.th/website/en/gisc","Southeast Asia","29","cdg.co.th/website/en/gisc — Thai one-stop GIS provider serving Thailand, Laos, Myanmar and Cambodia.","Missing Coordinates; Missing Contact","2026-07-19"
"LOC-0183","ORG-0182","Esri (Thailand) Company Limited","","Company","Southeast Asia Outside Malaysia","Thailand","","","","Thailand","","","Unavailable","Unavailable","Private","MNC","GIS","GIS; Remote Sensing","1","0","0","1","0","0","Not Applicable","Not Applicable","Not Applicable","Not Applicable","https://esrith.com","","","Verified","Official Company Website","https://esrith.com","Southeast Asia","30","esrith.com — ArcGIS and location-intelligence provider with integrated imagery and remote-sensing workflows.","Missing Coordinates; Missing Contact","2026-07-19"
"LOC-0184","ORG-0183","Esri Indonesia","","Company","Southeast Asia Outside Malaysia","Indonesia","","","","Indonesia","","","Unavailable","Unavailable","Private","MNC","GIS","GIS; Remote Sensing","1","0","0","1","0","0","Not Applicable","Not Applicable","Not Applicable","Not Applicable","https://esriindonesia.co.id","","","Verified","Official Company Website","https://esriindonesia.co.id","Southeast Asia","31","esriindonesia.co.id — Indonesian ArcGIS provider supplying GIS platforms, spatial analytics and imagery solutions.","Missing Coordinates; Missing Contact","2026-07-19"
"LOC-0185","ORG-0184","Geographic Technology Solutions","","Company","Southeast Asia Outside Malaysia","Vietnam","","","","Vietnam","","","Unavailable","Unavailable","Private","MNC","GIS","GIS; Land Survey","1","1","0","0","0","0","Unspecified","Unspecified","Not Applicable","Not Applicable","https://gci-int.com","","","Verified","Official Company Website","https://gci-int.com","Southeast Asia","33","gci-int.com — Vietnam-based GCI company operating as a licensed survey and mapping company.","Missing Coordinates; Missing Contact","2026-07-19"
"LOC-0186","ORG-0185","Jurukur Generasi","","Licensed Survey Firm","Peninsular Malaysia","Malaysia","Selangor","","","Selangor, Malaysia","","","Unavailable","Unavailable","Private","Private Company","Land Survey","Land Survey; GIS; Hydrography","1","1","1","0","0","0","Yes","Unspecified","Unspecified","Unspecified","https://generasi.com.my/","","","Verified","Official Company Website","https://generasi.com.my/","Organization_Evidence","EVD-0001","Active licensed practice; land, cadastral, engineering, GPS/topographic and hydrographic services.","Missing Coordinates; Missing Contact","2026-07-19"
"LOC-0187","ORG-0186","Jurukur Mentari Sdn Bhd","","Licensed Survey Firm","Peninsular Malaysia","Malaysia","Selangor","","","Selangor, Malaysia","","","Unavailable","Unavailable","Private","Private Company","Land Survey","Land Survey","0","1","0","0","0","0","Yes","Unspecified","Unspecified","Unspecified","https://www.jurukurmentari.com/","","","Verified","Official Company Website","https://www.jurukurmentari.com/","Organization_Evidence","EVD-0002","Active licensed land-survey practice serving the Klang Valley.","Missing Coordinates; Missing Contact","2026-07-19"
"LOC-0188","ORG-0187","Jurukur Khoo & Mas","","Licensed Survey Firm","Peninsular Malaysia","Malaysia","Kuala Lumpur","Kuala Lumpur","","Kuala Lumpur, Malaysia","","","Unavailable","Unavailable","Private","Private Company","Land Survey","Land Survey; GIS; Hydrography","1","1","1","0","0","0","Yes","Unspecified","Unspecified","Unspecified","https://www.jurukurkhoomas.com.my/","","","Verified","Official Company Website","https://www.jurukurkhoomas.com.my/","Organization_Evidence","EVD-0003","Active professional practice formed by the 2023 merger of Jurukur Mas and Jurukur Khoo; group services include mapping and hydrography.","Missing Coordinates; Missing Contact","2026-07-19"
"LOC-0189","ORG-0188","JP Surveys Sdn Bhd","","Licensed Survey Firm","Peninsular Malaysia","Malaysia","Selangor","Puchong","","Puchong, Selangor, Malaysia","","","Unavailable","Unavailable","Private","Private Company","Multi-disciplinary Geomatics","Land Survey; GIS; Hydrography","1","1","1","0","0","0","Yes","Unspecified","Unspecified","Unspecified","https://jpsurveys.com/","","","Verified","Official Company Website","https://jpsurveys.com/","Organization_Evidence","EVD-0004","Malaysia provider operating since 1974 across land survey, hydrography and geospatial services.","Missing Coordinates; Missing Contact","2026-07-19"
"LOC-0190","ORG-0189","Studioukur Geomatics Sdn Bhd","","Licensed Survey Firm","Peninsular Malaysia","Malaysia","","","","Malaysia","","","Unavailable","Unavailable","Private","Private Company","Land Survey","Land Survey; GIS","1","1","0","0","0","0","Yes","Unspecified","Unspecified","Unspecified","","","","Verified","Official Government Register","https://www.ljt.org.my/search-surveyors/practices/STUDIOUKUR%20GEOMATICS%20SDN%20BHD","Organization_Evidence","EVD-0005","Current practice entry in the Land Surveyors Board Malaysia directory.","Missing Coordinates; Missing Website; Missing Contact","2026-07-19"
"LOC-0191","ORG-0190","AA Geomatics and Survey Consultant","","Licensed Survey Firm","Peninsular Malaysia","Malaysia","","","","Malaysia","","","Unavailable","Unavailable","Private","Private Company","Land Survey","Land Survey; GIS","1","1","0","0","0","0","Yes","Unspecified","Unspecified","Unspecified","","","","Verified","Official Government Register","https://www.ljt.org.my/search-surveyors/practices/AA%20GEOMATICS%20AND%20SURVEY%20CONSULTANT","Organization_Evidence","EVD-0006","Current practice entry in the Land Surveyors Board Malaysia directory.","Missing Coordinates; Missing Website; Missing Contact","2026-07-19"
"LOC-0192","ORG-0191","Perunding Ukur Ara","","Licensed Survey Firm","Peninsular Malaysia","Malaysia","","","","Malaysia","","","Unavailable","Unavailable","Private","Private Company","Land Survey","Land Survey","0","1","0","0","0","0","Yes","Unspecified","Unspecified","Unspecified","","","","Verified","Official Government Register","https://www.ljt.org.my/search-surveyors/practices/PERUNDING%20UKUR%20ARA","Organization_Evidence","EVD-0007","Current practice entry in the Land Surveyors Board Malaysia directory.","Missing Coordinates; Missing Website; Missing Contact","2026-07-19"
"LOC-0193","ORG-0192","Perunding Ukur Ridhwan","","Licensed Survey Firm","Peninsular Malaysia","Malaysia","","","","Malaysia","","","Unavailable","Unavailable","Private","Private Company","Land Survey","Land Survey","0","1","0","0","0","0","Yes","Unspecified","Unspecified","Unspecified","","","","Verified","Official Government Register","https://www.ljt.org.my/search-surveyors/practices/PERUNDING%20UKUR%20RIDHWAN","Organization_Evidence","EVD-0008","Current practice entry in the Land Surveyors Board Malaysia directory.","Missing Coordinates; Missing Website; Missing Contact","2026-07-19"
"LOC-0194","ORG-0193","Perunding Ukur Juara","","Licensed Survey Firm","Peninsular Malaysia","Malaysia","","","","Malaysia","","","Unavailable","Unavailable","Private","Private Company","Land Survey","Land Survey","0","1","0","0","0","0","Yes","Unspecified","Unspecified","Unspecified","","","","Verified","Official Government Register","https://www.ljt.org.my/search-surveyors/practices/PERUNDING%20UKUR%20JUARA","Organization_Evidence","EVD-0009","Current practice entry in the Land Surveyors Board Malaysia directory.","Missing Coordinates; Missing Website; Missing Contact","2026-07-19"
"LOC-0195","ORG-0194","JDinar Geomatics Sdn Bhd","","Licensed Survey Firm","Peninsular Malaysia","Malaysia","","","","Malaysia","","","Unavailable","Unavailable","Private","Private Company","Land Survey","Land Survey; GIS","1","1","0","0","0","0","Yes","Unspecified","Unspecified","Unspecified","","","","Verified","Official Government Register","https://www.ljt.org.my/search-surveyors/practices/JDINAR%20GEOMATICS%20SDN%20BHD","Organization_Evidence","EVD-0010","Current practice entry in the Land Surveyors Board Malaysia directory.","Missing Coordinates; Missing Website; Missing Contact","2026-07-19"
"LOC-0196","ORG-0195","Jurukur Ceria Sdn Bhd","","Licensed Survey Firm","Peninsular Malaysia","Malaysia","Kedah","Sungai Petani","","Sungai Petani, Kedah, Malaysia","","","Unavailable","Unavailable","Private","Private Company","Multi-disciplinary Geomatics","Land Survey; GIS; Hydrography; Utility Mapping","1","1","1","0","0","1","Yes","Unspecified","Unspecified","Unspecified","https://jurukurceria.com/","","","Verified","Official Company Website","https://jurukurceria.com/about-us/","Organization_Evidence","EVD-0011","Active licensed practice offering land, GIS, utility and hydrographic services.","Missing Coordinates; Missing Contact","2026-07-19"
"LOC-0197","ORG-0196","DHM Survey Consultant Sdn Bhd","","Licensed Survey Firm","Peninsular Malaysia","Malaysia","Kelantan","Kota Bharu","","Kota Bharu, Kelantan, Malaysia","","","Unavailable","Unavailable","Private","Private Company","Land Survey","Land Survey","0","1","0","0","0","0","Yes","Unspecified","Unspecified","Unspecified","https://dhmsurveyconsultant.com/","","","Verified","Official Company Website","https://dhmsurveyconsultant.com/","Organization_Evidence","EVD-0012","Active Kota Bharu licensed practice; public site identifies LJT registration 543.","Missing Coordinates; Missing Contact","2026-07-19"
"LOC-0198","ORG-0197","ABGeo (M) Sdn Bhd","","Licensed Survey Firm","Peninsular Malaysia","Malaysia","","","","Malaysia","","","Unavailable","Unavailable","Private","Private Company","Land Survey","Land Survey; GIS","1","1","0","0","0","0","Yes","Unspecified","Unspecified","Unspecified","https://abgeomatique.com.my/","","","Verified","Official Company Website","https://abgeomatique.com.my/index.php?act=details&ref=12&type=team","Organization_Evidence","EVD-0013","Active surveying and geomatics practice led by licensed land surveyors.","Missing Coordinates; Missing Contact","2026-07-19"
"LOC-0199","ORG-0198","Juruukur Permai","","Licensed Survey Firm","Peninsular Malaysia","Malaysia","","","","Malaysia","","","Unavailable","Unavailable","Private","Private Company","Land Survey","Land Survey; GIS","1","1","0","0","0","0","Yes","Unspecified","Unspecified","Unspecified","https://www.juruukurpermai.com/","","","Verified","Official Company Website","https://www.juruukurpermai.com/about-us","Organization_Evidence","EVD-0014","Active LJT-registered practice (public site states registration 418) with cadastral, engineering and GIS services.","Missing Coordinates; Missing Contact","2026-07-19"
"LOC-0200","ORG-0199","Jurukur Perunding Services Sdn Bhd","","Licensed Survey Firm","Peninsular Malaysia","Malaysia","","","","Malaysia","","","Unavailable","Unavailable","Private","Private Company","Land Survey","Land Survey","0","1","0","0","0","0","Yes","Unspecified","Unspecified","Unspecified","","","","Verified","Official Government Register","https://www.ljt.org.my/search-surveyors-prt/practices/JURUKUR%20PERUNDING%20SERVICES%20SDN%20BHD","Organization_Evidence","EVD-0015","Current practice entry in the Land Surveyors Board Malaysia directory.","Missing Coordinates; Missing Website; Missing Contact","2026-07-19"
"LOC-0201","ORG-0200","MK Survey Sdn Bhd","","Licensed Survey Firm","Peninsular Malaysia","Malaysia","","","","Malaysia","","","Unavailable","Unavailable","Private","Private Company","Land Survey","Land Survey","0","1","0","0","0","0","Yes","Unspecified","Unspecified","Unspecified","","","","Verified","Official Government Register","https://www.ljt.org.my/search-surveyors/practices","Organization_Evidence","EVD-0016","Named as a current practice in the Land Surveyors Board Malaysia directory.","Missing Coordinates; Missing Website; Missing Contact","2026-07-19"
"LOC-0202","ORG-0201","Abdullah Taha Surveyors Sdn Bhd","","Licensed Survey Firm","Peninsular Malaysia","Malaysia","","","","Malaysia","","","Unavailable","Unavailable","Private","Private Company","Land Survey","Land Survey","0","1","0","0","0","0","Yes","Unspecified","Unspecified","Unspecified","","","","Verified","Official Government Register","https://www.ljt.org.my/search-surveyors/practices","Organization_Evidence","EVD-0017","Named as a current practice in the Land Surveyors Board Malaysia directory.","Missing Coordinates; Missing Website; Missing Contact","2026-07-19"
"LOC-0203","ORG-0202","ABS Ukur","","Licensed Survey Firm","Peninsular Malaysia","Malaysia","","","","Malaysia","","","Unavailable","Unavailable","Private","Private Company","Land Survey","Land Survey","0","1","0","0","0","0","Yes","Unspecified","Unspecified","Unspecified","","","","Verified","Official Government Register","https://www.ljt.org.my/search-surveyors/practices","Organization_Evidence","EVD-0018","Named as a current practice in the Land Surveyors Board Malaysia directory.","Missing Coordinates; Missing Website; Missing Contact","2026-07-19"
"LOC-0204","ORG-0203","Gas Malaysia Distribution Sdn Bhd","","Company","Peninsular Malaysia","Malaysia","Selangor","Shah Alam","","Shah Alam, Selangor, Malaysia","","","Unavailable","Unavailable","Private","Private Company","GIS","GIS; Utility Mapping","1","0","0","0","0","1","Not Applicable","Not Applicable","Not Applicable","Not Applicable","","","","Verified","Recognized Industry Directory","https://my.jobstreet.com/gis-jobs","Organization_Evidence","EVD-0019","Current GIS hiring signal for pipeline and utility mapping.","Missing Coordinates; Missing Website; Missing Contact","2026-07-19"
"LOC-0205","ORG-0204","ITMAX System Berhad","","Company","Peninsular Malaysia","Malaysia","Kuala Lumpur","Kuala Lumpur","","Kuala Lumpur, Malaysia","","","Unavailable","Unavailable","Private","Private Company","GIS","GIS; Land Survey; Utility Mapping","1","1","0","0","0","1","Not Applicable","Not Applicable","Not Applicable","Not Applicable","","","","Verified","Recognized Industry Directory","https://my.jobstreet.com/gis-jobs","Organization_Evidence","EVD-0020","Current Senior GIS Analyst hiring signal using QGIS, AutoCAD and geomatics skills.","Missing Coordinates; Missing Website; Missing Contact","2026-07-19"
"LOC-0206","ORG-0205","Aurecon Malaysia","","Company","Peninsular Malaysia","Malaysia","Selangor","Petaling Jaya","","Petaling Jaya, Selangor, Malaysia","","","Unavailable","Unavailable","Private","MNC","GIS","GIS; Remote Sensing","1","0","0","1","0","0","Not Applicable","Not Applicable","Not Applicable","Not Applicable","https://www.aurecongroup.com/","","","Verified","Recognized Industry Directory","https://www.linkedin.com/jobs/view/geospatial-analyst-at-aurecon-4299070800?_l=en","Organization_Evidence","EVD-0021","Current Petaling Jaya Geospatial Analyst hiring signal.","Missing Coordinates; Missing Contact","2026-07-19"
"LOC-0207","ORG-0206","Easytech Services Sdn Bhd","","Company","Peninsular Malaysia","Malaysia","Kuala Lumpur","Kuala Lumpur","","Kuala Lumpur, Malaysia","","","Unavailable","Unavailable","Private","Private Company","GIS","GIS","1","0","0","0","0","0","Not Applicable","Not Applicable","Not Applicable","Not Applicable","","","","Verified","Recognized Industry Directory","https://my.jobstreet.com/gis-jobs","Organization_Evidence","EVD-0022","Current GIS Data Annotator hiring signal using ArcGIS/QGIS and POI data.","Missing Coordinates; Missing Website; Missing Contact","2026-07-19"
"LOC-0208","ORG-0207","ACGT Sdn Bhd","","Company","Peninsular Malaysia","Malaysia","Kuala Lumpur","Kuala Lumpur","","Kuala Lumpur, Malaysia","","","Unavailable","Unavailable","Private","Private Company","Multi-disciplinary Geomatics","GIS; Remote Sensing; Drone/UAV","1","0","0","1","1","0","Not Applicable","Not Applicable","Not Applicable","Not Applicable","","","","Verified","Recognized Industry Directory","https://my.jobstreet.com/geospatial-jobs/in-Malaysia","Organization_Evidence","EVD-0023","Current geospatial and UAV hiring signals supporting precision agriculture.","Missing Coordinates; Missing Website; Missing Contact","2026-07-19"
"LOC-0209","ORG-0208","Applied Agricultural Resources Sdn Bhd","","Company","Peninsular Malaysia","Malaysia","Selangor","Petaling Jaya","Kota Damansara","Petaling Jaya, Selangor, Malaysia","","","Unavailable","Unavailable","Private","Private Company","Multi-disciplinary Geomatics","GIS; Remote Sensing; Drone/UAV","1","0","0","1","1","0","Not Applicable","Not Applicable","Not Applicable","Not Applicable","","","","Verified","Recognized Industry Directory","https://my.jobstreet.com/geospatial-jobs/in-Malaysia","Organization_Evidence","EVD-0024","Current Geospatial Engineer graduate research hiring signal.","Missing Coordinates; Missing Website; Missing Contact","2026-07-19"
"LOC-0210","ORG-0209","Mogul Pte Ltd","","Company","Southeast Asia Outside Malaysia","Singapore","","Singapore","","Singapore, Singapore","","","Unavailable","Unavailable","Private","Private Company","GIS","GIS","1","0","0","0","0","0","Not Applicable","Not Applicable","Not Applicable","Not Applicable","","","","Verified","Recognized Industry Directory","https://my.jobstreet.com/geospatial-jobs/in-Malaysia","Organization_Evidence","EVD-0025","Singapore company advertising a remote-from-Kuala-Lumpur GIS business-development role.","Missing Coordinates; Missing Website; Missing Contact","2026-07-19"
"LOC-0211","ORG-0210","Binaan Desjaya Sdn Bhd","","Company","Sabah","Malaysia","Sabah","Ranau","","Ranau, Sabah, Malaysia","","","Unavailable","Unavailable","Private","Private Company","Land Survey","Land Survey; GIS","1","1","0","0","0","0","Unspecified","Unspecified","Not Applicable","Not Applicable","","","","Verified","Recognized Industry Directory","https://my.jobstreet.com/geospatial-jobs/in-Malaysia","Organization_Evidence","EVD-0026","Current Ranau land-surveyor hiring signal requiring GPS/GIS/CAD.","Missing Coordinates; Missing Website; Missing Contact","2026-07-19"
"LOC-0212","ORG-0211","Infinity RC Builder Sdn Bhd","","Company","Peninsular Malaysia","Malaysia","Johor","Johor Bahru","","Johor Bahru, Johor, Malaysia","","","Unavailable","Unavailable","Private","Private Company","Land Survey","Land Survey","0","1","0","0","0","0","Unspecified","Unspecified","Not Applicable","Not Applicable","","","","Verified","Recognized Industry Directory","https://my.jobstreet.com/geospatial-jobs/in-Malaysia","Organization_Evidence","EVD-0027","Current Assistant Surveyor hiring signal in Johor Bahru.","Missing Coordinates; Missing Website; Missing Contact","2026-07-19"
"LOC-0213","ORG-0212","NRI Holdings Sdn Bhd","","Company","Peninsular Malaysia","Malaysia","Selangor","Kajang","","Kajang, Selangor, Malaysia","","","Unavailable","Unavailable","Private","Private Company","Drone/UAV","Drone/UAV; Remote Sensing","0","0","0","1","1","0","Not Applicable","Not Applicable","Not Applicable","Not Applicable","","","","Verified","Recognized Industry Directory","https://my.jobstreet.com/geospatial-jobs/in-Malaysia","Organization_Evidence","EVD-0028","Current Junior Drone Pilot hiring signal in the Kajang/Bangi/Serdang area.","Missing Coordinates; Missing Website; Missing Contact","2026-07-19"
"LOC-0214","ORG-0213","MOSAR Consult Sdn Bhd","","Company","Peninsular Malaysia","Malaysia","Selangor","Shah Alam","","Shah Alam, Selangor, Malaysia","","","Unavailable","Unavailable","Private","Private Company","GIS","GIS","1","0","0","0","0","0","Not Applicable","Not Applicable","Not Applicable","Not Applicable","","","","Verified","Recognized Industry Directory","https://my.jobstreet.com/Esri-jobs/in-Malaysia","Organization_Evidence","EVD-0029","Current GIS Executive hiring signal in Shah Alam.","Missing Coordinates; Missing Website; Missing Contact","2026-07-19"
"LOC-0215","ORG-0214","MGB Berhad","","Company","Peninsular Malaysia","Malaysia","Pahang","Cameron Highlands","","Cameron Highlands, Pahang, Malaysia","","","Unavailable","Unavailable","Private","Private Company","Land Survey","Land Survey","0","1","0","0","0","0","Unspecified","Unspecified","Not Applicable","Not Applicable","","","","Verified","Recognized Industry Directory","https://my.jobstreet.com/geospatial-jobs/in-Malaysia","Organization_Evidence","EVD-0030","Current Site Surveyor hiring signal in Cameron Highlands.","Missing Coordinates; Missing Website; Missing Contact","2026-07-19"
"LOC-0216","ORG-0215","Jurukur Murni","","Company","Peninsular Malaysia","Malaysia","Kuala Lumpur","Kuala Lumpur","Bukit Jalil","Kuala Lumpur, Malaysia","","","Unavailable","Unavailable","Private","Private Company","Land Survey","Land Survey","0","1","0","0","0","0","Unspecified","Unspecified","Not Applicable","Not Applicable","","","","Verified","Recognized Industry Directory","https://my.jobstreet.com/geospatial-jobs/in-Malaysia","Organization_Evidence","EVD-0031","Current Assistant Land Surveyor hiring signal.","Missing Coordinates; Missing Website; Missing Contact","2026-07-19"
"LOC-0217","ORG-0216","Geoland TYY Sdn Bhd","","Company","Peninsular Malaysia","Malaysia","Kuala Lumpur","Kuala Lumpur","","Kuala Lumpur, Malaysia","","","Unavailable","Unavailable","Private","Private Company","Land Survey","Land Survey","0","1","0","0","0","0","Unspecified","Unspecified","Not Applicable","Not Applicable","","","","Verified","Recognized Industry Directory","https://my.jobstreet.com/geospatial-jobs/in-Malaysia","Organization_Evidence","EVD-0032","Current Land Surveyor hiring signal in Kuala Lumpur.","Missing Coordinates; Missing Website; Missing Contact","2026-07-19"
"LOC-0218","ORG-0217","HTX Singapore","","Government Agency","Southeast Asia Outside Malaysia","Singapore","","Singapore","","Singapore, Singapore","","","Unavailable","Unavailable","Government","Government","GIS","GIS","1","0","0","0","0","0","Not Applicable","Not Applicable","Not Applicable","Not Applicable","https://www.htx.gov.sg/","","","Verified","Recognized Industry Directory","https://my.linkedin.com/jobs/gis-jobs-nusa-jaya","Organization_Evidence","EVD-0033","Current geospatial development role in Singapore government technology.","Missing Coordinates; Missing Contact","2026-07-19"
"LOC-0219","ORG-0218","Land Transport Authority Singapore","","Statutory Body","Southeast Asia Outside Malaysia","Singapore","","Singapore","","Singapore, Singapore","","","Unavailable","Unavailable","Government","Statutory Body","GIS","GIS; Land Survey","1","1","0","0","0","0","Not Applicable","Not Applicable","Not Applicable","Not Applicable","https://www.lta.gov.sg/","","","Verified","Recognized Industry Directory","https://my.linkedin.com/jobs/gis-jobs-nusa-jaya","Organization_Evidence","EVD-0034","Current GIS Analyst / Spatial Data Specialist hiring signal.","Missing Coordinates; Missing Contact","2026-07-19"
"LOC-0220","ORG-0219","Activate Interactive Pte Ltd","","Company","Southeast Asia Outside Malaysia","Singapore","","Singapore","","Singapore, Singapore","","","Unavailable","Unavailable","Private","Private Company","GIS","GIS","1","0","0","0","0","0","Not Applicable","Not Applicable","Not Applicable","Not Applicable","","","","Verified","Recognized Industry Directory","https://my.linkedin.com/jobs/gis-jobs-nusa-jaya","Organization_Evidence","EVD-0035","Current Senior Software Engineer – GIS hiring signal.","Missing Coordinates; Missing Website; Missing Contact","2026-07-19"
"LOC-0221","ORG-0220","Tata Consultancy Services Singapore","","Company","Southeast Asia Outside Malaysia","Singapore","","Singapore","","Singapore, Singapore","","","Unavailable","Unavailable","Private","MNC","GIS","GIS","1","0","0","0","0","0","Not Applicable","Not Applicable","Not Applicable","Not Applicable","https://www.tcs.com/","","","Verified","Recognized Industry Directory","https://my.linkedin.com/jobs/gis-jobs-nusa-jaya","Organization_Evidence","EVD-0036","Current GIS Developer hiring signal in Singapore.","Missing Coordinates; Missing Contact","2026-07-19"
"LOC-0222","ORG-0221","Urban Redevelopment Authority Singapore","","Government Agency","Southeast Asia Outside Malaysia","Singapore","","Singapore","","Singapore, Singapore","","","Unavailable","Unavailable","Government","Government","GIS","GIS","1","0","0","0","0","0","Not Applicable","Not Applicable","Not Applicable","Not Applicable","https://www.ura.gov.sg/","","","Verified","Recognized Industry Directory","https://my.linkedin.com/jobs/gis-jobs-nusa-jaya","Organization_Evidence","EVD-0037","Current Systems Analyst (Geospatial Engineer) hiring signal.","Missing Coordinates; Missing Contact","2026-07-19"
"LOC-0223","ORG-0222","National University of Singapore","","Educational or Research Institution","Southeast Asia Outside Malaysia","Singapore","","Singapore","","Singapore, Singapore","","","Unavailable","Unavailable","Other","Statutory Body","GIS","GIS; Remote Sensing","1","0","0","1","0","0","Not Applicable","Not Applicable","Not Applicable","Not Applicable","https://www.nus.edu.sg/","","","Verified","Recognized Industry Directory","https://my.linkedin.com/jobs/gis-jobs-nusa-jaya","Organization_Evidence","EVD-0038","Current land-use optimization research hiring signal.","Missing Coordinates; Missing Contact","2026-07-19"
"LOC-0224","ORG-0223","MINDEF Singapore","","Government Agency","Southeast Asia Outside Malaysia","Singapore","","Singapore","","Singapore, Singapore","","","Unavailable","Unavailable","Government","Government","GIS","GIS; Remote Sensing","1","0","0","1","0","0","Not Applicable","Not Applicable","Not Applicable","Not Applicable","https://www.mindef.gov.sg/","","","Verified","Recognized Industry Directory","https://my.linkedin.com/jobs/gis-jobs-nusa-jaya","Organization_Evidence","EVD-0039","Current 3D model and production geospatial hiring signal.","Missing Coordinates; Missing Contact","2026-07-19"
"LOC-0225","ORG-0224","Absolute Clean Energy Public Company Limited","","Company","Southeast Asia Outside Malaysia","Thailand","Bangkok","Bangkok","Bang Na","Bangkok, Thailand","","","Unavailable","Unavailable","Private","Private Company","GIS","GIS","1","0","0","0","0","0","Not Applicable","Not Applicable","Not Applicable","Not Applicable","","","","Verified","Recognized Industry Directory","https://th.jobsdb.com/gis-jobs","Organization_Evidence","EVD-0040","Current GIS Analyst role for spatial analysis and land/site development.","Missing Coordinates; Missing Website; Missing Contact","2026-07-19"
"LOC-0226","ORG-0225","Trigyn Technologies","","Company","Southeast Asia Outside Malaysia","Thailand","Bangkok","Bangkok","","Bangkok, Thailand","","","Unavailable","Unavailable","Private","MNC","GIS","GIS","1","0","0","0","0","0","Not Applicable","Not Applicable","Not Applicable","Not Applicable","https://www.trigyn.com/","","","Verified","Recognized Industry Directory","https://th.jobsdb.com/gis-jobs","Organization_Evidence","EVD-0041","Current remote Geospatial Developer contract opportunity listed for Bangkok.","Missing Coordinates; Missing Contact","2026-07-19"
"LOC-0227","ORG-0226","AV EVOLUTION CO., LTD.","","Company","Southeast Asia Outside Malaysia","Thailand","Bangkok","Bangkok","","Bangkok, Thailand","","","Unavailable","Unavailable","Private","Private Company","Multi-disciplinary Geomatics","GIS; Remote Sensing","1","0","0","1","0","0","Not Applicable","Not Applicable","Not Applicable","Not Applicable","","","","Verified","Recognized Industry Directory","https://th.jobsdb.com/gis-jobs","Organization_Evidence","EVD-0042","Recent Senior GIS & Remote Sensing Engineer opportunity; Thai proficiency required.","Missing Coordinates; Missing Website; Missing Contact","2026-07-19"
"LOC-0228","ORG-0227","ACCIONA Energía Thailand","","Company","Southeast Asia Outside Malaysia","Thailand","Bangkok","Bangkok","","Bangkok, Thailand","","","Unavailable","Unavailable","Private","MNC","GIS","GIS","1","0","0","0","0","0","Not Applicable","Not Applicable","Not Applicable","Not Applicable","https://www.acciona-energia.com/","","","Verified","Recognized Industry Directory","https://th.linkedin.com/jobs/gis-jobs","Organization_Evidence","EVD-0043","Current Senior GIS hiring signal in the Bangkok metropolitan area.","Missing Coordinates; Missing Contact","2026-07-19"
"LOC-0229","ORG-0228","YO IT Consulting","","Company","Southeast Asia Outside Malaysia","Thailand","","","","Thailand","","","Unavailable","Unavailable","Private","Private Company","GIS","GIS","1","0","0","0","0","0","Not Applicable","Not Applicable","Not Applicable","Not Applicable","","","","Verified","Recognized Industry Directory","https://th.linkedin.com/jobs/gis-jobs","Organization_Evidence","EVD-0044","Current remote Geospatial Analysis Specialist opportunity in Thailand.","Missing Coordinates; Missing Website; Missing Contact","2026-07-19"
"LOC-0230","ORG-0229","China Railway Construction (Southeast Asia) Co., Ltd.","","Company","Southeast Asia Outside Malaysia","Thailand","Rayong","Rayong","","Rayong, Thailand","","","Unavailable","Unavailable","Private","MNC","Land Survey","Land Survey","0","1","0","0","0","0","Not Applicable","Not Applicable","Not Applicable","Not Applicable","","","","Verified","Recognized Industry Directory","https://th.jobsdb.com/gis-jobs","Organization_Evidence","EVD-0045","Recent Survey Engineer hiring signal for a Rayong data-centre project.","Missing Coordinates; Missing Website; Missing Contact","2026-07-19"
"LOC-0231","ORG-0230","Sinar Mas Group","","Company","Southeast Asia Outside Malaysia","Indonesia","Jakarta","Jakarta","","Jakarta, Indonesia","","","Unavailable","Unavailable","Private","Private Company","Multi-disciplinary Geomatics","GIS; Remote Sensing","1","0","0","1","0","0","Not Applicable","Not Applicable","Not Applicable","Not Applicable","https://www.sinarmas.com/","","","Verified","Recognized Industry Directory","https://www.glassdoor.com/Job/indonesia-gis-jobs-SRCH_IL.0%2C9_IN113_KO10%2C13.htm","Organization_Evidence","EVD-0046","Current Geospatial Datascience Officer hiring signal using GIS, remote sensing and AI/ML.","Missing Coordinates; Missing Contact","2026-07-19"
"LOC-0232","ORG-0231","PT Palma Serasih Tbk","","Company","Southeast Asia Outside Malaysia","Indonesia","Jakarta","Jakarta","","Jakarta, Indonesia","","","Unavailable","Unavailable","Private","Private Company","GIS","GIS; Remote Sensing","1","0","0","1","0","0","Not Applicable","Not Applicable","Not Applicable","Not Applicable","","","","Verified","Recognized Industry Directory","https://id.jobstreet.com/id/geospatial-jobs","Organization_Evidence","EVD-0047","Current GIS Precision Staff hiring signal in South Jakarta.","Missing Coordinates; Missing Website; Missing Contact","2026-07-19"
"LOC-0233","ORG-0232","PT Indo Bumi Nickel","","Company","Southeast Asia Outside Malaysia","Indonesia","North Maluku","Wasile","","Wasile, North Maluku, Indonesia","","","Unavailable","Unavailable","Private","Private Company","Land Survey","Land Survey","0","1","0","0","0","0","Not Applicable","Not Applicable","Not Applicable","Not Applicable","","","","Verified","Recognized Industry Directory","https://id.jobstreet.com/id/geospatial-jobs","Organization_Evidence","EVD-0048","Current Mine Survey Supervisor hiring signal.","Missing Coordinates; Missing Website; Missing Contact","2026-07-19"
"LOC-0234","ORG-0233","SMART Agribusiness and Food","","Company","Southeast Asia Outside Malaysia","Indonesia","Jakarta","Jakarta","","Jakarta, Indonesia","","","Unavailable","Unavailable","Private","Private Company","Multi-disciplinary Geomatics","Remote Sensing; Drone/UAV; GIS","1","0","0","1","1","0","Not Applicable","Not Applicable","Not Applicable","Not Applicable","https://www.smart-tbk.com/","","","Verified","Recognized Industry Directory","https://id.indeed.com/q-gis-job-l-jakarta-lowongan.html","Organization_Evidence","EVD-0049","Current Aerial Photo & Image Processing Officer hiring signal using UAV imagery and land-use analysis.","Missing Coordinates; Missing Contact","2026-07-19"
"LOC-0235","ORG-0234","PT Artha Demo Engineering Consultant","","Company","Southeast Asia Outside Malaysia","Indonesia","Jakarta","Jakarta","","Jakarta, Indonesia","","","Unavailable","Unavailable","Private","Private Company","Land Survey","Land Survey; GIS","1","1","0","0","0","0","Not Applicable","Not Applicable","Not Applicable","Not Applicable","","","","Verified","Recognized Industry Directory","https://id.indeed.com/q-gis-job-l-jakarta-lowongan.html","Organization_Evidence","EVD-0050","Current geodetic engineering and spatial-planning hiring signals in Jakarta.","Missing Coordinates; Missing Website; Missing Contact","2026-07-19"
"LOC-0236","ORG-0235","NIAT","","Company","Southeast Asia Outside Malaysia","Brunei","Brunei-Muara","Bandar Seri Begawan","","Bandar Seri Begawan, Brunei-Muara, Brunei","","","Unavailable","Unavailable","Private","Private Company","GIS","GIS","1","0","0","0","0","0","Not Applicable","Not Applicable","Not Applicable","Not Applicable","","","","Partially Verified","Secondary Source","https://www.facebook.com/niat.brunei/posts/job-opening-geographical-information-systems-gis-engineerjoin-our-team-to-design/1498841485097263/","Organization_Evidence","EVD-0051","Recent public GIS Engineer recruitment post in Brunei; closing status not verified.","Missing Coordinates; Missing Website; Missing Contact","2026-07-19"
"LOC-0237","ORG-0236","Juruukur Fadly","","Company","Southeast Asia Outside Malaysia","Brunei","Brunei-Muara","Bandar Seri Begawan","","Bandar Seri Begawan, Brunei-Muara, Brunei","","","Unavailable","Unavailable","Private","Private Company","Land Survey","Land Survey","0","1","0","0","0","0","Unspecified","Unspecified","Not Applicable","Not Applicable","","","","Partially Verified","Secondary Source","https://www.instagram.com/p/DaUr_chPIG0/","Organization_Evidence","EVD-0052","Current public surveying activity observed in July 2026; formal licence entry not independently verified.","Missing Coordinates; Missing Website; Missing Contact","2026-07-19"
"LOC-0238","ORG-0055","GPS Lands (M) Sdn Bhd","","Company","Peninsular Malaysia","Malaysia","Johor","Johor Bahru","","Johor Bahru, Johor, Malaysia","","","Unavailable","Unavailable","Private","Private Company","Multi-disciplinary Geomatics","GIS; Land Survey; Remote Sensing; Drone/UAV; Utility Mapping","1","1","0","1","1","1","Unspecified","Unspecified","Not Applicable","Not Applicable","https://gpslands.com.my","","+6019-288 2472","Verified","Official Company Website","https://gpslands.com.my/contact-us/","Organization_Evidence","EVD-0053","Official Johor Bahru branch; supplier of surveying, mapping, imaging and utility-locating technology.","Missing Coordinates",""
"LOC-0239","ORG-0237","Koridor Utiliti Selangor Sdn Bhd (KUSEL)","","Company","Peninsular Malaysia","Malaysia","Selangor","Shah Alam","","Shah Alam, Selangor, Malaysia","","","Unavailable","Unavailable","Government","State-owned company","GIS","GIS; Utility Mapping","1","0","0","0","0","1","Not Applicable","Not Applicable","Not Applicable","Not Applicable","https://www.kusel.my/","admin@kusel.my","+603 5524 2237","Verified","Official Company Website","https://www.kusel.my/","Organization_Evidence","EVD-0054","State utility-corridor coordinator developing SELGIS and a utility database for Selangor.","Missing Coordinates",""
"LOC-0240","ORG-0238","Koridor Utiliti Johor Sdn Bhd","PIJ Holdings Group","Company","Peninsular Malaysia","Malaysia","Johor","Johor Bahru","","Johor Bahru, Johor, Malaysia","","","Unavailable","Unavailable","Government","State-owned company","Utility Mapping","Utility Mapping","0","0","0","0","0","1","Not Applicable","Not Applicable","Not Applicable","Not Applicable","https://www.kuj.com.my/","info@kuj.com.my","+607-222 0008","Verified","Official Company Website","https://www.kuj.com.my/about","Organization_Evidence","EVD-0055","Johor one-stop agency coordinating and integrating utility-development information and corridor infrastructure.","Missing Coordinates",""
"LOC-0241","ORG-0239","Koridor Utiliti Darul Ridzuan Sdn Bhd (KUDR)","","Company","Peninsular Malaysia","Malaysia","Perak","Ipoh","","Ipoh, Perak, Malaysia","","","Unavailable","Unavailable","Government","State-owned company","Utility Mapping","GIS; Utility Mapping","1","0","0","0","0","1","Not Applicable","Not Applicable","Not Applicable","Not Applicable","https://kudr.my/","info@kudr.my","+605-2380493","Verified","Official Company Website","https://kudr.my/","Organization_Evidence","EVD-0056","Perak utility-corridor coordinator using integrated digital workflows and a state geospatial database.","Missing Coordinates",""
"LOC-0242","ORG-0240","AllTerra (M) Sdn Bhd","GPS Lands (M) Sdn Bhd","Company","Peninsular Malaysia","Malaysia","Selangor","Subang Jaya","","Subang Jaya, Selangor, Malaysia","","","Unavailable","Unavailable","Private","Private Company","Multi-disciplinary Geomatics","GIS; Land Survey; Remote Sensing; Utility Mapping","1","1","0","1","0","1","Not Applicable","Not Applicable","Not Applicable","Not Applicable","https://allterra.com.my/","sales@allterra.com.my","+603-5192 0588","Verified","Official Company Website","https://allterra.com.my/about-us","Organization_Evidence","EVD-0057","GPS Lands subsidiary and Trimble Geospatial authorised distributor covering survey, GIS, mobile mapping and utilities equipment.","Missing Coordinates",""
"LOC-0243","ORG-0241","Spectrum Geomatic Solution Sdn Bhd","","Company","Peninsular Malaysia","Malaysia","Negeri Sembilan","Nilai","","Nilai, Negeri Sembilan, Malaysia","","","Unavailable","Unavailable","Private","Private Company","Hydrography","Land Survey; Hydrography","0","1","1","0","0","0","Unspecified","Unspecified","Not Applicable","Not Applicable","https://www.spectrumgeomatic.com/","","","Verified","Official Company Website","https://www.spectrumgeomatic.com/","Organization_Evidence","EVD-0058","Active hydrographic and geomatics practice providing seabed survey, barge positioning and consultancy.","Missing Coordinates; Missing Contact",""
"LOC-0244","ORG-0242","Geomatic Solutions Sdn Bhd","","Company","Peninsular Malaysia","Malaysia","Selangor","Subang Jaya","","Subang Jaya, Selangor, Malaysia","","","Unavailable","Unavailable","Private","Private Company","Utility Mapping","GIS; Land Survey; Utility Mapping","1","1","0","0","0","1","Unspecified","Unspecified","Not Applicable","Not Applicable","https://www.geomatic.com.my/","info@geomatic.com.my","+603-7859 6006","Verified","Official Company Website","https://www.geomatic.com.my/contact","Organization_Evidence","EVD-0059","Underground utility detection and mapping, as-built, engineering and topographical survey provider.","Missing Coordinates",""
"LOC-0245","ORG-0243","Nautical Solution Sdn Bhd","","Company","Peninsular Malaysia","Malaysia","Selangor","Shah Alam","","Shah Alam, Selangor, Malaysia","","","Unavailable","Unavailable","Private","Private Company","Hydrography","Land Survey; Hydrography","0","1","1","0","0","0","Unspecified","Unspecified","Not Applicable","Not Applicable","https://nauticalsolution.com.my/","admin@nauticalsolution.com.my","+6012-223 4411","Verified","Official Company Website","https://nauticalsolution.com.my/about-us","Organization_Evidence","EVD-0060","Malaysian near-shore and offshore survey provider covering hydrography, oceanography, training and marine consultancy.","Missing Coordinates",""